po_id,supplier,order_date,delivery_date,order_status,quantity,unit_price,negotiated_price,defective_units,compliance,Plastic_Type,trust_score
PO-00001,Alpha_Inc,17-10-2023,25-10-2023,Cancelled,1176,20.13,17.81,,Yes,PVC,99
PO-00002,Delta_Logistics,25-04-2022,05-05-2022,Delivered,1509,39.32,37.34,235,Yes,PVC,97
PO-00003,Gamma_Co,26-01-2022,15-02-2022,Delivered,910,95.51,92.26,41,Yes,PP,87
PO-00004,Beta_Supplies,09-10-2022,28-10-2022,Delivered,1344,99.85,95.52,112,Yes,PTFE,88
PO-00005,Delta_Logistics,08-09-2022,20-09-2022,Delivered,1180,64.07,60.53,171,No,PA6,55
PO-00006,Epsilon_Group,17-08-2022,29-08-2022,Delivered,1145,69.21,63.57,39,Yes,HDPE,95
PO-00007,Gamma_Co,23-05-2022,03-06-2022,Delivered,1774,51.37,47.82,96,No,PA6,56
PO-00008,Alpha_Inc,15-04-2022,29-04-2022,Delivered,1094,36.93,32.78,22,Yes,PP,93
PO-00009,Gamma_Co,24-11-2023,28-11-2023,Partially Delivered,1688,43.93,39.89,89,Yes,PP,100
PO-00010,Gamma_Co,13-07-2023,25-07-2023,Pending,171,76.87,70.2,8,Yes,HDPE,95
PO-00011,Epsilon_Group,31-03-2022,15-04-2022,Delivered,5000,78.49,73.68,18,Yes,PC,92
PO-00012,Beta_Supplies,28-08-2023,11-09-2023,Delivered,5000,88.96,86.58,115,Yes,POM,93
PO-00013,Beta_Supplies,09-03-2023,26-03-2023,Pending,5000,86.74,74.86,51,Yes,PA66,90
PO-00014,Beta_Supplies,02-02-2022,,Delivered,5000,18.3,16.88,,Yes,PET,70
PO-00015,Delta_Logistics,31-01-2022,18-02-2022,Pending,5000,54.5,48.45,22,Yes,LDPE,89
PO-00016,Beta_Supplies,06-04-2022,21-04-2022,Delivered,5000,15.41,15.12,,Yes,PET,92
PO-00017,Delta_Logistics,12-08-2022,31-08-2022,Delivered,1173,61.54,55.49,172,No,SAN,48
PO-00018,Epsilon_Group,27-08-2022,04-09-2022,Delivered,921,51.48,50.61,,Yes,LDPE,99
PO-00019,Gamma_Co,02-06-2023,05-06-2023,Partially Delivered,1737,97.53,87.37,79,Yes,PVC,100
PO-00020,Delta_Logistics,09-09-2023,24-09-2023,Delivered,180,45.74,38.89,,No,LDPE,52
PO-00021,Epsilon_Group,28-01-2022,12-02-2022,Cancelled,1735,20.54,19.69,49,Yes,PA6,92
PO-00022,Delta_Logistics,29-07-2023,11-08-2023,Delivered,1382,24.93,23.75,,Yes,PPO,94
PO-00023,Epsilon_Group,23-07-2022,08-08-2022,Delivered,819,80.89,77.03,29,Yes,LCP,91
PO-00024,Beta_Supplies,28-10-2023,03-11-2023,Partially Delivered,393,72.53,66.31,42,No,PLA,60
PO-00025,Beta_Supplies,20-12-2023,01-01-2024,Delivered,1565,21.3,20.09,161,Yes,PP,95
PO-00026,Epsilon_Group,13-07-2023,24-07-2023,Delivered,1487,19.15,17.24,,Yes,MF,96
PO-00027,Alpha_Inc,06-03-2023,26-03-2023,Delivered,855,78.2,67.16,17,Yes,PET,87
PO-00028,Epsilon_Group,14-08-2022,23-08-2022,Delivered,435,17.13,15.84,8,Yes,PC,98
PO-00029,Delta_Logistics,05-04-2023,22-04-2023,Delivered,1265,90.26,79.47,187,Yes,LDPE,90
PO-00030,Epsilon_Group,27-08-2023,,Delivered,1005,80.55,73.31,30,Yes,HDPE,70
PO-00031,Gamma_Co,12-10-2022,26-10-2022,Delivered,326,18.1,15.92,,No,PP,53
PO-00032,Alpha_Inc,07-01-2022,15-01-2022,Delivered,1234,17.64,15.66,26,Yes,PC,99
PO-00033,Epsilon_Group,13-06-2022,29-06-2022,Delivered,509,101.27,97.82,19,Yes,ABS,91
PO-00034,Alpha_Inc,16-12-2023,17-12-2023,Delivered,1387,48.71,43.71,27,Yes,ABS,100
PO-00035,Alpha_Inc,09-03-2023,17-03-2023,Delivered,71,46.39,43.18,0,Yes,PP,99
PO-00036,Epsilon_Group,15-12-2022,23-12-2022,Delivered,302,87.73,81.52,9,Yes,HDPE,99
PO-00037,Epsilon_Group,12-10-2022,31-10-2022,Pending,797,99.54,91.37,18,Yes,LDPE,88
PO-00038,Beta_Supplies,09-06-2022,27-06-2022,Pending,906,101.21,90.9,94,Yes,PVC,89
PO-00039,Epsilon_Group,09-08-2022,23-08-2022,Delivered,1634,80.53,76.15,50,Yes,PS,93
PO-00040,Epsilon_Group,11-12-2022,,Delivered,524,46.28,39.65,14,Yes,HDPE,70
PO-00041,Beta_Supplies,15-04-2022,27-04-2022,Delivered,1132,17.78,15.36,96,Yes,HDPE,95
PO-00042,Beta_Supplies,05-04-2022,14-04-2022,Delivered,560,81.14,77.87,34,No,PET,58
PO-00043,Gamma_Co,25-01-2023,02-02-2023,Delivered,1755,63.87,58.4,85,Yes,PET,99
PO-00044,Epsilon_Group,10-04-2022,17-04-2022,Delivered,1549,48.9,42.42,48,Yes,PS,100
PO-00045,Delta_Logistics,03-01-2023,21-01-2023,Delivered,749,97.07,94.16,123,Yes,LDPE,89
PO-00046,Alpha_Inc,19-12-2022,,Delivered,1025,21.11,19.25,15,Yes,PBT,70
PO-00047,Beta_Supplies,11-09-2023,18-09-2023,Delivered,1856,59.77,50.81,191,Yes,PET,100
PO-00048,Epsilon_Group,28-09-2022,14-10-2022,Delivered,239,11.46,11.28,4,Yes,LDPE,91
PO-00049,Delta_Logistics,14-02-2022,05-03-2022,Pending,1007,52.44,46.06,167,Yes,PS,88
PO-00050,Alpha_Inc,16-04-2023,,Pending,736,16.2,15.33,18,Yes,PS,70
PO-00051,Epsilon_Group,04-07-2023,14-07-2023,Delivered,1007,22.56,19.59,,Yes,PMMA,97
PO-00052,Delta_Logistics,08-05-2022,,Delivered,612,20.99,19.75,102,Yes,PET,70
PO-00053,Alpha_Inc,23-01-2023,02-02-2023,Pending,1949,72.53,63.26,48,No,PC,57
PO-00054,Delta_Logistics,22-03-2022,28-03-2022,Cancelled,1640,77.92,76.41,262,No,HDPE,60
PO-00055,Beta_Supplies,20-07-2023,07-08-2023,Delivered,1317,68.13,60.52,136,Yes,PVC,89
PO-00056,Epsilon_Group,28-10-2022,30-10-2022,Delivered,881,100.94,95.05,30,Yes,HDPE,100
PO-00057,Delta_Logistics,06-10-2023,,Delivered,1578,48.33,42.77,206,Yes,ABS,70
PO-00058,Delta_Logistics,26-09-2023,01-10-2023,Delivered,1204,39.29,35.44,,Yes,LDPE,100
PO-00059,Epsilon_Group,06-01-2023,22-01-2023,Pending,1558,93.46,91.27,39,Yes,PA66,91
PO-00060,Alpha_Inc,15-08-2023,16-08-2023,Delivered,1892,32.99,28.81,35,Yes,PP,100
PO-00061,Epsilon_Group,16-07-2022,01-08-2022,Delivered,696,99.59,90.18,25,Yes,PVC,91
PO-00062,Delta_Logistics,23-12-2023,03-01-2024,Partially Delivered,70,12.37,11.04,10,Yes,PMMA,96
PO-00063,Gamma_Co,13-03-2022,15-03-2022,Delivered,890,98.26,93.14,49,Yes,PP,100
PO-00064,Alpha_Inc,16-02-2022,04-03-2022,Delivered,216,13.95,12.31,5,Yes,PTFE,91
PO-00065,Delta_Logistics,09-11-2023,12-11-2023,Delivered,1347,100.13,94.3,200,Yes,PMMA,100
PO-00066,Gamma_Co,22-08-2022,25-08-2022,Partially Delivered,437,59.51,56.45,25,No,PVC,60
PO-00067,Alpha_Inc,24-10-2022,26-10-2022,Delivered,650,103.84,88.28,12,Yes,PP,100
PO-00068,Beta_Supplies,23-03-2022,11-04-2022,Delivered,365,16.81,15.41,38,Yes,POM,88
PO-00069,Epsilon_Group,27-08-2022,,Cancelled,63,61.94,53.8,,Yes,HDPE,70
PO-00070,Alpha_Inc,14-04-2022,22-04-2022,Delivered,291,98.7,87.02,9,Yes,LDPE,99
PO-00071,Alpha_Inc,25-01-2023,08-02-2023,Cancelled,826,60.5,57.18,18,Yes,PET,93
PO-00072,Delta_Logistics,12-10-2022,01-11-2022,Pending,1419,69.64,59.28,194,Yes,PVC,87
PO-00073,Gamma_Co,10-04-2023,27-04-2023,Delivered,614,78.06,73.95,40,Yes,PVC,90
PO-00074,Alpha_Inc,13-10-2023,28-10-2023,Delivered,947,56.25,54.25,19,Yes,HDPE,92
PO-00075,Epsilon_Group,09-01-2023,28-01-2023,Delivered,1413,70.47,69.65,,Yes,EVA,88
PO-00076,Alpha_Inc,16-06-2022,,Partially Delivered,141,64.15,58.32,,Yes,PMMA,70
PO-00077,Alpha_Inc,15-01-2023,04-02-2023,Delivered,1440,96.57,83.87,36,Yes,ABS,87
PO-00078,Delta_Logistics,30-12-2022,03-01-2023,Delivered,1005,14.87,12.79,,No,PP,60
PO-00079,Alpha_Inc,03-08-2022,,Delivered,1528,36.52,33,31,No,HDPE,30
PO-00080,Gamma_Co,18-11-2023,25-11-2023,Delivered,1501,106.05,100.99,77,No,PA6,60
PO-00081,Delta_Logistics,01-10-2022,04-10-2022,Delivered,558,94.18,81.4,,No,PP,60
PO-00082,Beta_Supplies,20-12-2023,26-12-2023,Delivered,825,56.88,50.84,,Yes,PS,100
PO-00083,Beta_Supplies,01-12-2023,07-12-2023,Cancelled,84,73.38,71.42,9,Yes,PEEK,100
PO-00084,Delta_Logistics,26-10-2023,10-11-2023,Delivered,255,38.64,33.59,27,No,PA6,52
PO-00085,Gamma_Co,15-03-2022,31-03-2022,Delivered,1154,27.2,26.07,58,Yes,PET,91
PO-00086,Delta_Logistics,16-09-2023,24-09-2023,Delivered,1635,56.91,54.37,262,No,ABS,59
PO-00087,Delta_Logistics,13-10-2023,23-10-2023,Delivered,1945,46.19,40.12,278,No,PPS,57
PO-00088,Delta_Logistics,25-06-2022,10-07-2022,Partially Delivered,1461,64.09,63.39,228,No,HDPE,52
PO-00089,Delta_Logistics,01-07-2023,09-07-2023,Delivered,1075,18.53,16.12,147,Yes,PA6,99
PO-00090,Alpha_Inc,08-09-2022,,Delivered,1071,101.6,93.91,25,Yes,PTFE,70
PO-00091,Epsilon_Group,17-06-2022,06-07-2022,Pending,1463,101.23,86.17,43,Yes,PA66,88
PO-00092,Beta_Supplies,19-04-2023,26-04-2023,Delivered,615,78.3,73.68,69,Yes,HDPE,100
PO-00093,Gamma_Co,24-01-2023,11-02-2023,Delivered,1179,61.74,56.28,,Yes,PMMA,89
PO-00094,Alpha_Inc,04-10-2022,09-10-2022,Partially Delivered,1845,39.56,37.63,45,Yes,PMMA,100
PO-00095,Beta_Supplies,18-10-2023,,Cancelled,1895,91.98,86.27,170,Yes,PET,70
PO-00096,Epsilon_Group,06-12-2023,09-12-2023,Partially Delivered,1550,79.86,69.57,32,No,LDPE,60
PO-00097,Delta_Logistics,25-07-2023,04-08-2023,Delivered,752,26.85,24.37,,No,HDPE,57
PO-00098,Epsilon_Group,13-08-2022,01-09-2022,Delivered,451,95.2,90.07,21,Yes,PVC,88
PO-00099,Beta_Supplies,03-12-2023,,Delivered,779,93.69,90.92,66,Yes,LDPE,70
PO-00100,Beta_Supplies,29-11-2022,14-12-2022,Pending,1629,100.26,86.44,187,No,HDPE,52
PO-00101,Alpha_Inc,27-02-2022,22-02-2022,Delivered,211,75.69,65.4,2,Yes,PVC,100
PO-00102,Alpha_Inc,23-08-2022,,Delivered,251,67.49,64.48,2,Yes,HDPE,70
PO-00103,Gamma_Co,02-02-2022,18-02-2022,Delivered,1045,47.88,44.65,69,Yes,ABS,91
PO-00104,Delta_Logistics,20-11-2022,10-12-2022,Delivered,319,98.64,89.15,57,Yes,LCP,87
PO-00105,Epsilon_Group,15-02-2023,01-03-2023,Partially Delivered,1936,93.66,92.24,58,Yes,PC,93
PO-00106,Delta_Logistics,02-10-2022,22-10-2022,Cancelled,865,14.7,13.14,135,No,ABS,47
PO-00107,Epsilon_Group,09-03-2022,12-03-2022,Delivered,1344,12.5,10.87,44,Yes,HDPE,100
PO-00108,Delta_Logistics,05-08-2022,24-08-2022,Pending,505,45.42,40.37,62,Yes,HDPE,88
PO-00109,Beta_Supplies,04-08-2023,05-08-2023,Delivered,1535,90.83,78.28,151,No,HDPE,60
PO-00110,Beta_Supplies,19-11-2022,,Delivered,1800,103.8,96.27,166,Yes,PA6,70
PO-00111,Delta_Logistics,06-08-2022,15-08-2022,Pending,1325,24.36,22.75,206,Yes,PTFE,98
PO-00112,Gamma_Co,03-11-2023,09-11-2023,Delivered,1066,70.45,65.88,56,No,PET,60
PO-00113,Beta_Supplies,27-05-2023,11-06-2023,Delivered,1775,47.82,45.86,180,Yes,HDPE,92
PO-00114,Gamma_Co,10-02-2023,,Partially Delivered,345,103.62,98.09,25,No,ABS,30
PO-00115,Beta_Supplies,21-10-2023,09-11-2023,Delivered,1798,94.8,91.83,,Yes,PET,88
PO-00116,Alpha_Inc,15-04-2023,01-05-2023,Delivered,769,91.86,86.55,17,Yes,HDPE,91
PO-00117,Alpha_Inc,27-05-2022,,Delivered,1822,53.23,47.49,39,Yes,LDPE,70
PO-00118,Delta_Logistics,29-09-2022,13-10-2022,Delivered,387,49.23,45.41,61,Yes,PS,93
PO-00119,Epsilon_Group,23-05-2022,27-05-2022,Delivered,928,35.3,32.52,26,Yes,PET,100
PO-00120,Alpha_Inc,10-09-2022,21-09-2022,Partially Delivered,1126,15.68,14.97,27,Yes,PS,96
PO-00121,Beta_Supplies,29-07-2023,14-08-2023,Cancelled,841,95.73,85.33,81,Yes,PA6,91
PO-00122,Beta_Supplies,06-07-2023,19-07-2023,Delivered,1995,90.65,77.75,206,Yes,PET,94
PO-00123,Alpha_Inc,27-09-2022,15-10-2022,Delivered,266,103.97,101.44,6,Yes,PET,89
PO-00124,Alpha_Inc,22-08-2023,25-08-2023,Cancelled,813,109.17,107.39,14,Yes,ABS,100
PO-00125,Epsilon_Group,15-03-2023,26-03-2023,Delivered,237,64.19,59.01,7,Yes,PMMA,96
PO-00126,Alpha_Inc,21-08-2023,03-09-2023,Cancelled,429,86.73,75.09,9,Yes,PET,94
PO-00127,Delta_Logistics,13-02-2023,14-02-2023,Delivered,542,101.21,93.11,78,No,PET,60
PO-00128,Epsilon_Group,06-01-2023,24-01-2023,Delivered,1114,91.66,85.53,35,Yes,PS,89
PO-00129,Alpha_Inc,13-08-2022,15-08-2022,Delivered,1230,33.39,30.85,26,Yes,PP,100
PO-00130,Beta_Supplies,22-05-2022,03-06-2022,Delivered,64,51.56,50.88,5,Yes,HDPE,95
PO-00131,Alpha_Inc,06-06-2023,22-06-2023,Delivered,1886,23.46,23.18,,Yes,HDPE,91
PO-00132,Delta_Logistics,21-05-2023,23-05-2023,Delivered,114,103.53,101.54,14,Yes,PVC,100
PO-00133,Delta_Logistics,04-04-2022,22-04-2022,Cancelled,1930,65.52,56.9,282,Yes,LDPE,89
PO-00134,Beta_Supplies,18-02-2022,28-02-2022,Pending,1912,30.73,29.82,191,Yes,PET,97
PO-00135,Epsilon_Group,23-04-2022,09-05-2022,Delivered,570,71.51,66.47,,Yes,PET,91
PO-00136,Beta_Supplies,06-06-2022,26-06-2022,Delivered,1417,67.27,60.62,,Yes,LDPE,87
PO-00137,Alpha_Inc,05-10-2023,11-10-2023,Delivered,1202,46.67,44.13,21,No,PS,60
PO-00138,Beta_Supplies,13-06-2022,14-06-2022,Delivered,697,20.73,19.83,78,No,PET,60
PO-00139,Epsilon_Group,28-11-2023,01-12-2023,Delivered,1545,78.19,76.91,42,Yes,PP,100
PO-00140,Gamma_Co,09-03-2023,13-03-2023,Partially Delivered,1136,60.81,58.25,62,Yes,LDPE,100
PO-00141,Beta_Supplies,03-09-2023,07-09-2023,Delivered,1212,87.46,74.55,118,No,PS,60
PO-00142,Epsilon_Group,07-03-2022,12-03-2022,Delivered,1572,57.38,49.32,40,Yes,PA66,100
PO-00143,Gamma_Co,30-01-2023,09-02-2023,Delivered,642,91.9,81.49,26,Yes,PPO,97
PO-00144,Epsilon_Group,26-01-2023,04-02-2023,Delivered,441,63.25,54.12,16,Yes,PC,98
PO-00145,Epsilon_Group,03-09-2023,19-09-2023,Delivered,1748,66.53,57.11,,Yes,PP,91
PO-00146,Gamma_Co,25-04-2023,,Pending,468,95.57,91.8,24,Yes,LDPE,70
PO-00147,Beta_Supplies,26-06-2023,14-07-2023,Delivered,338,50.25,46.28,49,No,LDPE,49
PO-00148,Gamma_Co,15-09-2022,22-09-2022,Delivered,428,22.94,21.52,26,Yes,ABS,100
PO-00149,Beta_Supplies,21-07-2023,,Delivered,1846,13.72,12.62,216,Yes,PET,70
PO-00150,Epsilon_Group,12-01-2022,17-01-2022,Delivered,1563,77.96,70.8,41,Yes,PET,100
PO-00151,Beta_Supplies,28-11-2023,07-12-2023,Delivered,280,73.07,69.29,30,Yes,PBT,98
PO-00152,Delta_Logistics,28-04-2022,12-05-2022,Delivered,1067,74.47,64.16,,No,HDPE,53
PO-00153,Gamma_Co,30-11-2023,17-12-2023,Pending,90,32.38,29.96,7,Yes,HDPE,90
PO-00154,Gamma_Co,04-07-2023,05-07-2023,Delivered,1101,24.28,22.73,59,No,PS,60
PO-00155,Alpha_Inc,01-10-2022,11-10-2022,Delivered,184,11.82,10.51,4,Yes,PP,97
PO-00156,Epsilon_Group,19-10-2023,07-11-2023,Delivered,250,45.92,41.02,3,Yes,SAN,88
PO-00157,Epsilon_Group,15-12-2022,,Cancelled,1913,66.56,61.34,61,Yes,HDPE,70
PO-00158,Beta_Supplies,25-04-2022,30-04-2022,Delivered,829,45.98,40.39,,Yes,PVC,100
PO-00159,Delta_Logistics,28-10-2022,13-11-2022,Delivered,979,51.59,49.69,148,Yes,PS,91
PO-00160,Epsilon_Group,22-03-2023,09-04-2023,Partially Delivered,1106,97.77,90.45,31,Yes,PET,89
PO-00161,Delta_Logistics,11-06-2022,24-06-2022,Pending,1121,42.38,38.34,152,Yes,HDPE,94
PO-00162,Alpha_Inc,10-04-2023,21-04-2023,Delivered,552,60.48,56.78,10,Yes,PET,96
PO-00163,Gamma_Co,04-01-2022,12-01-2022,Delivered,456,80.53,77.86,26,Yes,SAN,99
PO-00164,Delta_Logistics,27-09-2022,05-10-2022,Delivered,1647,47.52,44.92,,Yes,PP,99
PO-00165,Epsilon_Group,28-05-2023,11-06-2023,Pending,1801,71.27,61.24,43,Yes,LDPE,93
PO-00166,Gamma_Co,02-07-2022,18-07-2022,Delivered,854,90.24,85.53,,Yes,PTFE,91
PO-00167,Delta_Logistics,04-06-2023,17-06-2023,Delivered,148,103.57,98.62,23,No,PPS,54
PO-00168,Delta_Logistics,19-04-2022,24-04-2022,Delivered,733,23.59,22.85,92,Yes,PET,100
PO-00169,Beta_Supplies,03-10-2023,05-10-2023,Delivered,1945,103.2,88.56,,Yes,LDPE,100
PO-00170,Gamma_Co,02-11-2022,21-11-2022,Delivered,775,57,49.14,48,Yes,PET,88
PO-00171,Delta_Logistics,17-10-2023,21-10-2023,Delivered,1620,36.73,33.45,235,No,HDPE,60
PO-00172,Beta_Supplies,04-06-2023,19-06-2023,Delivered,1010,55.68,50.86,,Yes,PET,92
PO-00173,Epsilon_Group,16-09-2023,01-10-2023,Delivered,1812,108.02,101.02,51,Yes,PET,92
PO-00174,Delta_Logistics,23-07-2022,28-07-2022,Delivered,662,55.97,50,100,Yes,HDPE,100
PO-00175,Beta_Supplies,06-06-2022,11-06-2022,Pending,1535,40.58,38.71,165,Yes,PVC,100
PO-00176,Beta_Supplies,18-01-2023,27-01-2023,Delivered,692,71.03,67.74,70,Yes,PVC,98
PO-00177,Gamma_Co,15-06-2022,28-06-2022,Delivered,1842,32.4,28.08,96,Yes,PP,94
PO-00178,Beta_Supplies,07-07-2023,18-07-2023,Cancelled,1078,18.34,17.41,102,Yes,PVC,96
PO-00179,Delta_Logistics,28-06-2023,16-07-2023,Delivered,1291,23.44,22.23,,Yes,Silicone,89
PO-00180,Alpha_Inc,01-01-2022,12-01-2022,Delivered,552,21.52,18.79,13,Yes,PS,96
PO-00181,Epsilon_Group,06-09-2023,22-09-2023,Delivered,816,26.04,25.61,28,Yes,HDPE,91
PO-00182,Delta_Logistics,28-11-2022,30-11-2022,Delivered,447,23.62,21.81,50,Yes,PBT,100
PO-00183,Delta_Logistics,16-05-2023,24-05-2023,Partially Delivered,920,73.09,70.14,,Yes,PP,99
PO-00184,Epsilon_Group,20-01-2022,30-01-2022,Partially Delivered,844,26.37,25.08,38,Yes,PET,97
PO-00185,Epsilon_Group,25-04-2022,,Delivered,442,41.73,36.45,15,Yes,PVC,70
PO-00186,Beta_Supplies,07-01-2023,21-01-2023,Cancelled,256,96.15,83.44,26,Yes,PET,93
PO-00187,Delta_Logistics,11-11-2022,,Partially Delivered,1088,55.29,53.04,161,No,LDPE,30
PO-00188,Beta_Supplies,03-09-2022,07-09-2022,Delivered,1931,72.88,64.69,187,Yes,PP,100
PO-00189,Gamma_Co,01-03-2022,11-03-2022,Delivered,1627,25.76,25.09,74,Yes,PA6,97
PO-00190,Beta_Supplies,04-09-2022,,Delivered,941,28.4,27.21,,No,PBT,30
PO-00191,Gamma_Co,04-08-2023,06-08-2023,Delivered,1534,14.98,12.79,,Yes,HDPE,100
PO-00192,Alpha_Inc,22-03-2022,03-04-2022,Delivered,1764,25.46,24.52,46,Yes,PE,95
PO-00193,Delta_Logistics,29-03-2022,06-04-2022,Delivered,1648,35.42,31.46,,No,PP,59
PO-00194,Gamma_Co,13-05-2023,01-06-2023,Delivered,913,28.01,24.06,53,Yes,PET,88
PO-00195,Alpha_Inc,12-03-2022,18-03-2022,Cancelled,792,18.16,17.25,17,Yes,PVC,100
PO-00196,Epsilon_Group,30-06-2023,03-07-2023,Partially Delivered,1314,22.63,21.06,44,Yes,PET,100
PO-00197,Beta_Supplies,09-05-2022,22-05-2022,Delivered,613,52.5,45.19,70,Yes,LCP,94
PO-00198,Alpha_Inc,12-05-2022,20-05-2022,Delivered,1070,29.14,26.63,24,Yes,MF,99
PO-00199,Gamma_Co,07-11-2023,26-11-2023,Partially Delivered,145,47.49,42.76,6,Yes,HDPE,88
PO-00200,Delta_Logistics,02-05-2023,17-05-2023,Delivered,1973,59.73,54.95,291,Yes,HDPE,92
PO-00201,Epsilon_Group,17-07-2023,01-08-2023,Delivered,1807,78.63,73.08,100,Yes,PA66,92
PO-00202,Epsilon_Group,19-06-2022,20-06-2022,Delivered,534,13.88,12.51,100,Yes,PVC,100
PO-00203,Alpha_Inc,29-09-2022,14-10-2022,Delivered,1480,85.22,75.48,100,Yes,PP,92
PO-00204,Alpha_Inc,25-06-2023,,Delivered,280,72.16,62.38,100,Yes,PBT,70
PO-00205,Beta_Supplies,14-09-2023,20-09-2023,Cancelled,798,19.09,17.76,100,Yes,PVC,100
PO-00206,Epsilon_Group,10-03-2023,22-03-2023,Delivered,1728,94.83,90.2,100,Yes,PET,95
PO-00207,Epsilon_Group,05-08-2022,,Delivered,1244,96.13,84.78,43,Yes,Polyimide,70
PO-00208,Beta_Supplies,07-07-2023,21-07-2023,Delivered,590,16.89,15.56,46,No,HDPE,53
PO-00209,Delta_Logistics,08-12-2023,23-12-2023,Delivered,1109,38.93,33.33,152,Yes,PET,92
PO-00210,Beta_Supplies,25-07-2022,01-08-2022,Delivered,574,85.03,82.55,54,Yes,PP,100
PO-00211,Gamma_Co,01-01-2024,,Delivered,1233,86.62,76.59,65,Yes,HDPE,70
PO-00212,Gamma_Co,16-11-2022,20-11-2022,Delivered,1912,27.94,25.59,83,No,PS,60
PO-00213,Alpha_Inc,13-02-2023,04-03-2023,Delivered,1772,30.72,27.76,46,No,PET,48
PO-00214,Beta_Supplies,19-11-2023,29-11-2023,Delivered,1316,48.11,41.9,135,Yes,PP,97
PO-00215,Beta_Supplies,28-10-2023,,Delivered,1159,59.24,58.08,,Yes,ABS,70
PO-00216,Alpha_Inc,18-01-2023,31-01-2023,Delivered,1869,69.58,67.5,31,Yes,PPO,94
PO-00217,Delta_Logistics,25-03-2023,13-04-2023,Delivered,627,46.23,42.87,,Yes,PET,88
PO-00218,Beta_Supplies,14-06-2023,16-06-2023,Pending,731,56.02,54.78,70,No,LDPE,60
PO-00219,Epsilon_Group,08-04-2023,,Cancelled,606,83.07,79.22,16,Yes,LDPE,70
PO-00220,Beta_Supplies,04-05-2022,14-05-2022,Delivered,1647,13.57,12.33,157,Yes,PET,97
PO-00221,Delta_Logistics,11-09-2022,19-09-2022,Delivered,1062,34.03,30.46,,Yes,PET,99
PO-00222,Beta_Supplies,19-08-2022,31-08-2022,Delivered,695,76.8,69.76,,No,LDPE,55
PO-00223,Epsilon_Group,07-03-2022,14-03-2022,Delivered,845,91.47,86.97,,Yes,UHMWPE,100
PO-00224,Gamma_Co,13-12-2022,18-12-2022,Delivered,1101,59.13,52.51,54,Yes,PP,100
PO-00225,Gamma_Co,22-01-2022,24-01-2022,Delivered,1693,57.89,49.84,88,Yes,UHMWPE,100
PO-00226,Delta_Logistics,26-08-2023,10-09-2023,Cancelled,1629,21.51,19.41,250,No,LDPE,52
PO-00227,Delta_Logistics,22-07-2023,03-08-2023,Delivered,1413,54.79,50.42,,Yes,PVC,95
PO-00228,Epsilon_Group,24-08-2022,27-08-2022,Delivered,1871,59.96,58.54,47,Yes,LDPE,100
PO-00229,Gamma_Co,26-08-2023,,Delivered,1404,34.85,30.5,78,Yes,HDPE,70
PO-00230,Gamma_Co,14-08-2022,28-08-2022,Delivered,1713,35.43,34.11,74,Yes,EVA,93
PO-00231,Gamma_Co,08-01-2022,13-01-2022,Delivered,1579,43.96,43.41,74,Yes,HDPE,100
PO-00232,Gamma_Co,14-03-2022,26-03-2022,Delivered,1421,11.92,11.72,76,Yes,PP,95
PO-00233,Epsilon_Group,26-12-2023,04-01-2024,Delivered,1546,43.47,37.37,53,Yes,PMMA,98
PO-00234,Delta_Logistics,09-10-2023,18-10-2023,Delivered,1304,32.08,29.36,,Yes,PVC,98
PO-00235,Delta_Logistics,02-03-2022,,Delivered,239,39.87,35.47,32,Yes,PPS,70
PO-00236,Alpha_Inc,23-08-2022,,Delivered,1298,21.51,20.83,,Yes,PC,70
PO-00237,Delta_Logistics,11-03-2022,,Delivered,1458,91.05,81.56,220,Yes,HDPE,70
PO-00238,Gamma_Co,02-02-2022,13-02-2022,Delivered,1450,63.74,59.11,71,Yes,SAN,96
PO-00239,Beta_Supplies,05-12-2022,20-12-2022,Delivered,1356,75.03,63.86,131,Yes,EVA,92
PO-00240,Gamma_Co,14-03-2022,,Delivered,682,81.84,71.86,40,Yes,PVC,70
PO-00241,Gamma_Co,11-06-2023,19-06-2023,Delivered,677,59.52,55.29,39,Yes,HDPE,99
PO-00242,Delta_Logistics,01-09-2022,14-09-2022,Delivered,1022,18.54,16.55,150,Yes,HDPE,94
PO-00243,Alpha_Inc,13-10-2022,,Delivered,1818,60.96,57.13,41,Yes,LDPE,70
PO-00244,Epsilon_Group,17-11-2023,29-11-2023,Delivered,1332,69.73,63.8,41,Yes,LDPE,95
PO-00245,Beta_Supplies,13-05-2023,26-05-2023,Delivered,1432,83.26,77.67,174,Yes,PP,94
PO-00246,Beta_Supplies,08-08-2022,26-08-2022,Pending,759,50.56,46.47,63,No,PET,49
PO-00247,Alpha_Inc,07-07-2023,19-07-2023,Delivered,1529,23.42,22.44,30,Yes,HDPE,95
PO-00248,Gamma_Co,16-05-2022,25-05-2022,Delivered,1484,36.25,31.8,61,Yes,PET,98
PO-00249,Epsilon_Group,08-08-2023,20-08-2023,Delivered,698,46.73,45.61,15,Yes,LCP,95
PO-00250,Epsilon_Group,14-08-2023,22-08-2023,Pending,367,74.61,71.36,13,Yes,LDPE,99
PO-00251,Epsilon_Group,30-04-2023,20-05-2023,Partially Delivered,1750,65.97,58.34,50,Yes,PBT,87
PO-00252,Delta_Logistics,06-09-2022,24-09-2022,Partially Delivered,1298,43.73,37.21,,No,PET,49
PO-00253,Gamma_Co,30-04-2023,20-05-2023,Delivered,1892,106.2,96.37,93,Yes,HDPE,87
PO-00254,Beta_Supplies,21-02-2023,24-02-2023,Delivered,1307,68.71,60.64,141,Yes,MF,100
PO-00255,Beta_Supplies,14-07-2022,29-07-2022,Delivered,733,32.29,29.01,78,Yes,PS,92
PO-00256,Gamma_Co,07-04-2022,,Delivered,713,19.45,18.82,31,Yes,PE,70
PO-00257,Beta_Supplies,10-04-2022,24-04-2022,Delivered,1900,24.11,23.45,188,Yes,PS,93
PO-00258,Delta_Logistics,06-11-2023,08-11-2023,Cancelled,1447,35.67,35.07,224,No,ABS,60
PO-00259,Epsilon_Group,18-03-2023,,Delivered,1745,26.17,22.25,55,Yes,PVC,70
PO-00260,Beta_Supplies,29-12-2022,14-01-2023,Delivered,1681,28.26,26.62,143,Yes,PF,91
PO-00261,Delta_Logistics,10-03-2023,18-03-2023,Delivered,1545,38.15,36.96,214,Yes,HDPE,99
PO-00262,Epsilon_Group,25-02-2023,02-03-2023,Delivered,1306,27.27,25.96,39,Yes,PA66,100
PO-00263,Gamma_Co,24-04-2023,06-05-2023,Delivered,1765,97.51,84.3,65,Yes,PET,95
PO-00264,Gamma_Co,25-02-2022,15-03-2022,Cancelled,1186,17.31,16,64,Yes,PET,89
PO-00265,Delta_Logistics,21-11-2023,26-11-2023,Delivered,1903,63.5,56.09,254,Yes,PP,100
PO-00266,Delta_Logistics,01-11-2023,05-11-2023,Delivered,1570,52.1,47.87,,No,POM,60
PO-00267,Delta_Logistics,24-10-2023,13-11-2023,Delivered,491,108.75,93.35,,No,PA6,47
PO-00268,Beta_Supplies,11-04-2022,20-04-2022,Partially Delivered,613,20.38,20.17,58,Yes,EVA,98
PO-00269,Gamma_Co,04-03-2022,16-03-2022,Partially Delivered,1341,46.27,43.94,63,Yes,ABS,95
PO-00270,Beta_Supplies,17-02-2023,04-03-2023,Partially Delivered,1583,103.57,89.38,164,Yes,PVC,92
PO-00271,Beta_Supplies,14-12-2022,,Cancelled,1880,92.73,90.78,173,Yes,PET,70
PO-00272,Epsilon_Group,22-04-2022,26-04-2022,Delivered,1459,84.79,82.72,47,Yes,ABS,100
PO-00273,Delta_Logistics,12-09-2022,,Delivered,1460,34.54,31.87,208,No,HDPE,30
PO-00274,Beta_Supplies,16-07-2022,28-07-2022,Partially Delivered,1186,26.14,24.78,112,Yes,PVC,95
PO-00275,Epsilon_Group,14-07-2022,23-07-2022,Pending,1686,72.28,65.21,53,Yes,PA66,98
PO-00276,Alpha_Inc,04-07-2023,08-07-2023,Delivered,1698,102.07,100.69,28,Yes,PET,100
PO-00277,Epsilon_Group,05-04-2023,,Delivered,1001,64.62,55.7,32,Yes,PBT,70
PO-00278,Alpha_Inc,24-05-2022,27-05-2022,Delivered,1154,62.67,54.11,25,Yes,LDPE,100
PO-00279,Alpha_Inc,09-03-2023,29-03-2023,Cancelled,748,37.66,32.71,,No,PS,47
PO-00280,Alpha_Inc,07-07-2022,,Delivered,162,81.63,78.76,2,Yes,LDPE,70
PO-00281,Alpha_Inc,13-10-2022,24-10-2022,Delivered,51,28.04,24.13,0,Yes,LDPE,96
PO-00282,Delta_Logistics,19-04-2023,24-04-2023,Delivered,691,42.07,39.1,106,Yes,UHMWPE,100
PO-00283,Beta_Supplies,13-09-2022,20-09-2022,Delivered,269,50.22,45.75,32,No,LDPE,60
PO-00284,Beta_Supplies,19-03-2022,06-04-2022,Pending,1639,56.24,55.4,147,Yes,LDPE,89
PO-00285,Alpha_Inc,30-03-2023,06-04-2023,Delivered,904,34.04,30.06,26,Yes,PVC,100
PO-00286,Beta_Supplies,18-07-2023,26-07-2023,Delivered,1809,22.17,19.65,,Yes,PP,99
PO-00287,Alpha_Inc,11-04-2022,16-04-2022,Delivered,1298,65.93,58.95,,Yes,PP,100
PO-00288,Beta_Supplies,21-02-2022,13-03-2022,Delivered,434,36.16,34.79,41,Yes,PP,87
PO-00289,Epsilon_Group,30-10-2023,04-11-2023,Delivered,1476,68.85,65.28,43,Yes,PBT,100
PO-00290,Delta_Logistics,08-07-2023,,Partially Delivered,1711,26.04,24.81,290,Yes,PET,70
PO-00291,Gamma_Co,16-01-2022,22-01-2022,Delivered,1203,53.3,47.68,49,Yes,PPO,100
PO-00292,Alpha_Inc,06-04-2022,07-04-2022,Delivered,1126,58.8,52.22,,Yes,PA6,100
PO-00293,Epsilon_Group,31-08-2022,12-09-2022,Delivered,1757,15.18,13.06,63,Yes,PET,95
PO-00294,Epsilon_Group,20-06-2022,28-06-2022,Delivered,779,41.3,36.28,20,Yes,PS,99
PO-00295,Delta_Logistics,21-02-2023,22-02-2023,Delivered,1745,23.53,22.57,282,No,LDPE,60
PO-00296,Delta_Logistics,13-05-2023,15-05-2023,Delivered,1783,16.96,15.8,295,Yes,PP,100
PO-00297,Alpha_Inc,08-05-2023,22-05-2023,Partially Delivered,1489,107.02,93.3,,Yes,PET,93
PO-00298,Alpha_Inc,07-08-2022,10-08-2022,Delivered,296,40.38,35.25,,Yes,PET,100
PO-00299,Epsilon_Group,15-02-2023,27-02-2023,Delivered,885,88.28,80.8,31,Yes,PET,95
PO-00300,Epsilon_Group,02-03-2022,06-03-2022,Pending,1512,33.25,30.15,53,Yes,ABS,100
PO-00301,Delta_Logistics,18-06-2022,26-06-2022,Delivered,252,73.12,67.64,,No,PA6,59
PO-00302,Alpha_Inc,24-01-2023,,Cancelled,1257,83.13,81.89,30,Yes,PET,70
PO-00303,Alpha_Inc,03-01-2022,20-01-2022,Delivered,172,63.61,55.92,4,Yes,HDPE,90
PO-00304,Epsilon_Group,04-02-2023,05-02-2023,Pending,450,55.85,49.88,9,Yes,PET,100
PO-00305,Gamma_Co,29-09-2022,15-10-2022,Delivered,816,48.95,43.42,45,Yes,PS,91
PO-00306,Epsilon_Group,11-04-2023,25-04-2023,Delivered,343,44.5,38.57,7,Yes,PMMA,93
PO-00307,Gamma_Co,20-10-2022,05-11-2022,Delivered,329,97.87,85.35,21,No,PPO,51
PO-00308,Alpha_Inc,10-03-2023,25-03-2023,Delivered,1910,90.69,85.8,,Yes,PET,92
PO-00309,Epsilon_Group,15-12-2023,18-12-2023,Delivered,933,107.99,104.29,29,Yes,ABS,100
PO-00310,Delta_Logistics,24-07-2023,29-07-2023,Delivered,1683,23.09,21.88,253,Yes,PET,100
PO-00311,Beta_Supplies,09-11-2023,18-11-2023,Pending,247,84.11,71.97,,Yes,ABS,98
PO-00312,Alpha_Inc,14-05-2023,02-06-2023,Delivered,1031,102.01,98.65,,Yes,ABS,88
PO-00313,Alpha_Inc,08-06-2022,19-06-2022,Delivered,1980,26.97,24.16,41,Yes,PS,96
PO-00314,Epsilon_Group,14-07-2022,03-08-2022,Delivered,1584,16.46,14.2,57,Yes,PP,87
PO-00315,Beta_Supplies,31-10-2022,15-11-2022,Delivered,801,80.15,70.91,,Yes,HDPE,92
PO-00316,Beta_Supplies,11-08-2022,25-08-2022,Delivered,193,63.86,57.46,,Yes,PPO,93
PO-00317,Beta_Supplies,01-03-2022,05-03-2022,Delivered,658,86.62,79.85,72,Yes,ABS,100
PO-00318,Epsilon_Group,17-08-2023,04-09-2023,Delivered,1274,24.72,23.36,37,Yes,Polyimide,89
PO-00319,Epsilon_Group,10-07-2023,17-07-2023,Partially Delivered,1197,88.92,78.82,31,Yes,LDPE,100
PO-00320,Gamma_Co,04-03-2022,12-03-2022,Delivered,236,28.43,28.11,11,Yes,HDPE,99
PO-00321,Gamma_Co,18-11-2022,03-12-2022,Partially Delivered,1399,25.97,22.19,62,Yes,ABS,92
PO-00322,Gamma_Co,28-02-2022,04-03-2022,Delivered,513,24.91,22.58,29,Yes,HDPE,100
PO-00323,Delta_Logistics,21-02-2022,04-03-2022,Delivered,1422,83.73,76.47,198,Yes,PS,96
PO-00324,Alpha_Inc,22-08-2023,03-09-2023,Delivered,1844,76.51,73.05,,Yes,PET,95
PO-00325,Gamma_Co,04-05-2023,,Delivered,709,61.64,54.55,41,Yes,LDPE,70
PO-00326,Delta_Logistics,30-05-2023,15-06-2023,Delivered,813,45.68,41.78,,No,PET,51
PO-00327,Delta_Logistics,28-06-2023,01-07-2023,Delivered,1004,96.51,92.9,146,No,LDPE,60
PO-00328,Epsilon_Group,11-06-2022,15-06-2022,Delivered,452,46.45,40.39,9,Yes,PET,100
PO-00329,Beta_Supplies,28-02-2022,12-03-2022,Pending,1419,83.91,71.46,137,Yes,PET,95
PO-00330,Beta_Supplies,05-06-2023,23-06-2023,Delivered,1584,53.73,51.92,167,No,PET,49
PO-00331,Gamma_Co,24-03-2022,11-04-2022,Pending,196,44.36,43.81,6,Yes,PP,89
PO-00332,Alpha_Inc,10-07-2022,14-07-2022,Delivered,1221,53.19,46.18,29,Yes,LDPE,100
PO-00333,Alpha_Inc,12-03-2022,26-03-2022,Delivered,913,37.5,36.2,,Yes,PVC,93
PO-00334,Alpha_Inc,02-09-2023,04-09-2023,Delivered,1784,85.01,76.69,37,Yes,PVC,100
PO-00335,Delta_Logistics,11-03-2022,,Delivered,1893,55.8,52.35,,Yes,LDPE,70
PO-00336,Delta_Logistics,23-11-2023,05-12-2023,Pending,538,34.3,32.25,84,No,LDPE,55
PO-00337,Delta_Logistics,29-08-2022,15-09-2022,Pending,978,94.15,87.7,149,No,PET,50
PO-00338,Epsilon_Group,18-02-2023,06-03-2023,Cancelled,1713,47.45,42.05,53,Yes,PP,91
PO-00339,Delta_Logistics,03-05-2022,07-05-2022,Pending,600,60.1,57.92,95,No,PET,60
PO-00340,Alpha_Inc,07-08-2023,25-08-2023,Pending,387,100.28,85.54,5,Yes,PET,89
PO-00341,Alpha_Inc,10-09-2022,19-09-2022,Pending,921,68.83,59.13,22,Yes,PA6,98
PO-00342,Beta_Supplies,16-08-2023,30-08-2023,Delivered,690,22.47,21.94,77,Yes,HDPE,93
PO-00343,Alpha_Inc,01-09-2023,21-09-2023,Cancelled,1852,104.04,94.89,36,Yes,PET,87
PO-00344,Delta_Logistics,10-02-2022,28-02-2022,Delivered,522,66.83,58.01,74,Yes,PET,89
PO-00345,Delta_Logistics,27-09-2023,06-10-2023,Delivered,200,44.16,43.13,21,Yes,PUR,98
PO-00346,Gamma_Co,25-03-2022,03-04-2022,Delivered,1488,22.76,21.99,,Yes,PC,98
PO-00347,Epsilon_Group,06-03-2023,16-03-2023,Delivered,1371,87.16,78.13,43,Yes,PPO,97
PO-00348,Alpha_Inc,05-11-2023,,Delivered,1684,73.05,62.53,,Yes,PEI,70
PO-00349,Epsilon_Group,21-08-2023,27-08-2023,Delivered,312,63.52,58.09,,Yes,HDPE,100
PO-00350,Alpha_Inc,02-08-2023,21-08-2023,Cancelled,1837,99.04,86.51,39,Yes,PP,88
PO-00351,Beta_Supplies,20-06-2023,23-06-2023,Delivered,193,87.86,81.74,21,Yes,PS,100
PO-00352,Beta_Supplies,20-11-2022,21-11-2022,Delivered,395,24.83,23.96,31,Yes,PET,100
PO-00353,Epsilon_Group,25-09-2022,12-10-2022,Cancelled,673,39.58,35.83,25,Yes,PET,90
PO-00354,Delta_Logistics,29-07-2022,12-08-2022,Cancelled,1066,33.33,28.47,162,No,POM,53
PO-00355,Gamma_Co,17-11-2023,23-11-2023,Delivered,1645,85.42,80.78,73,No,HDPE,60
PO-00356,Alpha_Inc,18-11-2022,29-11-2022,Delivered,930,13.67,11.95,16,Yes,HDPE,96
PO-00357,Alpha_Inc,02-09-2022,21-09-2022,Delivered,51,63.74,56.1,0,Yes,HDPE,88
PO-00358,Gamma_Co,29-09-2022,01-10-2022,Delivered,946,81.77,71.65,55,Yes,MF,100
PO-00359,Epsilon_Group,10-02-2023,02-03-2023,Partially Delivered,1377,94.69,84.2,,Yes,PA6,87
PO-00360,Epsilon_Group,15-05-2022,18-05-2022,Cancelled,303,41.6,40.51,11,Yes,PP,100
PO-00361,Alpha_Inc,19-11-2023,03-12-2023,Delivered,1725,93.14,79.62,24,Yes,PBT,93
PO-00362,Beta_Supplies,23-10-2023,07-11-2023,Cancelled,502,22.05,20.65,50,No,PVC,52
PO-00363,Gamma_Co,04-11-2022,11-11-2022,Delivered,1110,90.49,80.03,61,Yes,LDPE,100
PO-00364,Alpha_Inc,14-04-2023,18-04-2023,Delivered,1233,23.08,20.57,,Yes,PET,100
PO-00365,Beta_Supplies,20-11-2022,24-11-2022,Delivered,1064,48.04,43.6,94,Yes,PC,100
PO-00366,Epsilon_Group,16-03-2022,04-04-2022,Partially Delivered,58,82.57,76.55,,Yes,PBT,88
PO-00367,Beta_Supplies,10-01-2022,20-01-2022,Delivered,1306,23.49,20.17,116,No,EVA,57
PO-00368,Delta_Logistics,15-04-2023,28-04-2023,Delivered,1172,32.93,29.28,,No,HDPE,54
PO-00369,Alpha_Inc,29-09-2023,,Delivered,1732,82.5,71.71,24,Yes,PP,70
PO-00370,Gamma_Co,31-07-2023,07-08-2023,Delivered,865,81.54,71.59,39,Yes,HDPE,100
PO-00371,Beta_Supplies,13-04-2022,20-04-2022,Delivered,257,68.72,66.92,22,Yes,PA66,100
PO-00372,Epsilon_Group,17-03-2022,26-03-2022,Delivered,1204,73.18,67.59,31,Yes,PC,98
PO-00373,Beta_Supplies,05-07-2023,09-07-2023,Partially Delivered,453,64.14,60.18,51,Yes,PS,100
PO-00374,Epsilon_Group,07-08-2022,21-08-2022,Delivered,201,33.81,32.54,3,Yes,PP,93
PO-00375,Delta_Logistics,03-06-2023,16-06-2023,Delivered,103,44.61,42.88,10,Yes,ABS,94
PO-00376,Epsilon_Group,29-09-2022,07-10-2022,Delivered,1193,27.4,27.09,,Yes,HDPE,99
PO-00377,Gamma_Co,16-05-2022,28-05-2022,Partially Delivered,1746,93.6,89.81,85,Yes,HDPE,95
PO-00378,Delta_Logistics,24-12-2022,26-12-2022,Delivered,1993,65.94,59.36,,Yes,HDPE,100
PO-00379,Beta_Supplies,12-03-2022,27-03-2022,Delivered,677,46.54,43.11,,No,POM,52
PO-00380,Alpha_Inc,08-09-2022,,Pending,636,53.64,49.23,18,Yes,PA66,70
PO-00381,Epsilon_Group,14-01-2023,02-02-2023,Delivered,1698,100.97,98.73,52,Yes,PET,88
PO-00382,Gamma_Co,19-10-2022,01-11-2022,Delivered,1493,24.87,22.89,56,Yes,PET,94
PO-00383,Alpha_Inc,11-06-2022,25-06-2022,Delivered,1495,64.33,58.18,26,Yes,PET,93
PO-00384,Alpha_Inc,25-03-2023,07-04-2023,Cancelled,153,59.42,52,3,Yes,PP,94
PO-00385,Delta_Logistics,11-07-2023,22-07-2023,Cancelled,1925,70.88,63.41,292,Yes,PS,96
PO-00386,Beta_Supplies,22-12-2023,11-01-2024,Delivered,303,12.97,11.42,,No,SAN,47
PO-00387,Alpha_Inc,06-11-2022,18-11-2022,Delivered,1300,92.92,90.63,,Yes,ABS,95
PO-00388,Gamma_Co,19-09-2023,23-09-2023,Delivered,1185,103.28,99.05,,Yes,Silicone,100
PO-00389,Epsilon_Group,01-11-2023,20-11-2023,Delivered,559,67.56,57.98,15,Yes,EVA,88
PO-00390,Epsilon_Group,26-06-2023,29-06-2023,Pending,1546,78.88,78,38,Yes,PET,100
PO-00391,Epsilon_Group,09-01-2022,19-01-2022,Delivered,148,93.02,85.96,4,Yes,HDPE,97
PO-00392,Delta_Logistics,15-11-2023,23-11-2023,Delivered,202,81.75,78.26,37,No,PVC,59
PO-00393,Gamma_Co,22-07-2023,28-07-2023,Delivered,1934,25.86,25.6,78,Yes,LDPE,100
PO-00394,Alpha_Inc,03-11-2022,07-11-2022,Delivered,963,64.96,64.07,20,Yes,PET,100
PO-00395,Gamma_Co,11-11-2023,18-11-2023,Delivered,1969,71.71,61.96,,Yes,PS,100
PO-00396,Delta_Logistics,17-04-2022,,Delivered,927,48.89,46.05,138,Yes,PC,70
PO-00397,Delta_Logistics,18-05-2022,23-05-2022,Cancelled,387,77.81,69.04,67,Yes,PP,100
PO-00398,Beta_Supplies,28-09-2022,03-10-2022,Delivered,1779,97.86,94.36,176,Yes,PS,100
PO-00399,Gamma_Co,29-04-2022,05-05-2022,Pending,871,94.7,92.66,46,Yes,PBT,100
PO-00400,Epsilon_Group,20-04-2022,23-04-2022,Delivered,1236,51.33,44.03,25,Yes,PEI,100
PO-00401,Delta_Logistics,21-07-2023,06-08-2023,Delivered,1793,22.01,21.78,285,Yes,PC,91
PO-00402,Delta_Logistics,09-06-2022,28-06-2022,Delivered,1006,101.1,89.04,139,Yes,LDPE,88
PO-00403,Beta_Supplies,06-10-2022,21-10-2022,Cancelled,1754,89.35,86.54,161,No,LDPE,52
PO-00404,Epsilon_Group,16-10-2022,04-11-2022,Delivered,210,22.17,21.32,10,Yes,PVC,88
PO-00405,Delta_Logistics,12-09-2023,02-10-2023,Delivered,1653,102.16,91.91,217,Yes,LDPE,87
PO-00406,Alpha_Inc,04-08-2022,15-08-2022,Partially Delivered,850,91.38,88.41,24,Yes,PBT,96
PO-00407,Epsilon_Group,18-12-2022,21-12-2022,Delivered,447,59.81,57.92,13,Yes,PVC,100
PO-00408,Gamma_Co,28-07-2022,07-08-2022,Delivered,1350,65.11,56.95,71,Yes,HDPE,97
PO-00409,Beta_Supplies,05-12-2023,24-12-2023,Delivered,865,51.19,47.76,83,Yes,PS,88
PO-00410,Alpha_Inc,12-10-2023,29-10-2023,Delivered,1989,16.5,15.89,57,Yes,HDPE,90
PO-00411,Alpha_Inc,28-09-2022,13-10-2022,Delivered,1577,41.77,39.58,32,Yes,PVC,92
PO-00412,Gamma_Co,02-06-2023,04-06-2023,Pending,1969,89.25,87.28,108,No,PET,60
PO-00413,Beta_Supplies,16-05-2023,26-05-2023,Partially Delivered,1465,11.25,9.61,151,Yes,PVC,97
PO-00414,Delta_Logistics,15-09-2022,18-09-2022,Pending,1208,41.62,39.46,,Yes,LDPE,100
PO-00415,Beta_Supplies,22-02-2022,11-03-2022,Delivered,1268,46.06,45.26,123,Yes,HDPE,90
PO-00416,Delta_Logistics,05-04-2022,24-04-2022,Delivered,450,59.24,55.03,68,No,HDPE,48
PO-00417,Gamma_Co,12-10-2023,14-10-2023,Partially Delivered,689,102.53,95.23,38,Yes,PEEK,100
PO-00418,Gamma_Co,10-03-2023,29-03-2023,Delivered,1106,44.05,38.6,51,Yes,PPO,88
PO-00419,Alpha_Inc,11-10-2022,22-10-2022,Delivered,737,43.08,42.58,21,Yes,PC,96
PO-00420,Alpha_Inc,15-02-2022,04-03-2022,Delivered,509,76.76,74.72,7,No,PA6,50
PO-00421,Alpha_Inc,04-01-2022,06-01-2022,Delivered,1004,50.7,46.59,27,Yes,PET,100
PO-00422,Gamma_Co,08-12-2022,19-12-2022,Pending,1956,31.88,28.48,86,Yes,POM,96
PO-00423,Delta_Logistics,14-05-2022,,Delivered,519,51.73,47.52,81,No,PS,30
PO-00424,Gamma_Co,15-10-2023,21-10-2023,Partially Delivered,1448,25.06,21.62,84,Yes,LDPE,100
PO-00425,Gamma_Co,26-09-2022,11-10-2022,Delivered,1095,26.91,23.75,53,Yes,SAN,92
PO-00426,Alpha_Inc,15-06-2022,,Delivered,799,56.22,49.51,18,Yes,PS,70
PO-00427,Beta_Supplies,29-03-2023,18-04-2023,Partially Delivered,1743,51.04,47.15,160,Yes,LDPE,87
PO-00428,Alpha_Inc,19-07-2023,31-07-2023,Delivered,87,100.65,85.56,1,Yes,PET,95
PO-00429,Beta_Supplies,24-12-2023,,Delivered,279,47.52,46.5,28,No,PP,30
PO-00430,Delta_Logistics,14-03-2023,25-03-2023,Delivered,1438,66.61,58.5,237,Yes,PET,96
PO-00431,Delta_Logistics,29-07-2023,31-07-2023,Partially Delivered,612,72.93,63.32,99,Yes,PA6,100
PO-00432,Epsilon_Group,10-01-2022,21-01-2022,Pending,487,11.18,10.63,15,Yes,PVC,96
PO-00433,Epsilon_Group,25-04-2022,29-04-2022,Partially Delivered,1849,70.76,69.25,51,Yes,PP,100
PO-00434,Epsilon_Group,19-03-2022,01-04-2022,Partially Delivered,1356,26.28,25.44,47,Yes,PET,94
PO-00435,Delta_Logistics,09-12-2023,29-12-2023,Delivered,76,107.59,96.33,10,Yes,LDPE,87
PO-00436,Alpha_Inc,02-06-2022,13-06-2022,Partially Delivered,275,23.96,20.44,,Yes,PTFE,96
PO-00437,Alpha_Inc,13-07-2023,18-07-2023,Delivered,1350,51.57,48.07,,Yes,PVC,100
PO-00438,Alpha_Inc,06-02-2022,,Delivered,847,17.77,17.39,,Yes,Silicone,70
PO-00439,Gamma_Co,14-01-2023,27-01-2023,Delivered,1682,105.7,101.3,94,Yes,PVC,94
PO-00440,Epsilon_Group,20-08-2023,23-08-2023,Delivered,333,60.44,58.54,8,Yes,PET,100
PO-00441,Alpha_Inc,20-07-2023,02-08-2023,Cancelled,928,69.31,67.26,20,Yes,PET,94
PO-00442,Epsilon_Group,01-06-2022,12-06-2022,Partially Delivered,1009,16.44,16.18,,Yes,PVC,96
PO-00443,Epsilon_Group,17-03-2023,03-04-2023,Pending,1554,82.92,74.82,44,Yes,PET,90
PO-00444,Gamma_Co,11-05-2022,25-05-2022,Partially Delivered,502,29.47,28.94,27,Yes,LDPE,93
PO-00445,Delta_Logistics,12-02-2022,13-02-2022,Delivered,1069,91.28,82.64,,Yes,PET,100
PO-00446,Alpha_Inc,12-11-2022,18-11-2022,Pending,1902,29.89,25.83,41,Yes,LDPE,100
PO-00447,Gamma_Co,09-01-2023,,Pending,865,28.79,25.69,47,Yes,PA6,70
PO-00448,Delta_Logistics,10-02-2022,26-02-2022,Partially Delivered,708,13.36,11.61,,No,PET,51
PO-00449,Delta_Logistics,02-01-2023,07-01-2023,Delivered,1589,55.64,48.52,,Yes,PPS,100
PO-00450,Alpha_Inc,04-08-2022,14-08-2022,Delivered,596,62.96,61.88,9,Yes,PS,97
PO-00451,Epsilon_Group,30-11-2023,04-12-2023,Delivered,1265,17.66,16.97,34,Yes,PC,100
PO-00452,Beta_Supplies,13-09-2022,01-10-2022,Delivered,1122,82.99,81.7,118,No,PUR,49
PO-00453,Epsilon_Group,14-11-2023,01-12-2023,Delivered,1585,56.38,53.05,,Yes,LDPE,90
PO-00454,Epsilon_Group,16-04-2022,27-04-2022,Delivered,66,58.05,50.76,,Yes,PC,96
PO-00455,Beta_Supplies,29-12-2022,18-01-2023,Delivered,1245,52.4,51.65,118,No,HDPE,47
PO-00456,Delta_Logistics,28-07-2023,10-08-2023,Delivered,1293,50.21,47.55,,No,PET,54
PO-00457,Beta_Supplies,21-02-2023,27-02-2023,Delivered,207,64.29,63.01,25,Yes,Epoxy Resin,100
PO-00458,Beta_Supplies,28-09-2023,18-10-2023,Delivered,526,26.37,25.32,47,Yes,PP,87
PO-00459,Gamma_Co,08-06-2022,14-06-2022,Delivered,1119,27.03,23.82,,Yes,PET,100
PO-00460,Gamma_Co,31-08-2022,02-09-2022,Delivered,1446,90.63,84.51,77,Yes,LDPE,100
PO-00461,Gamma_Co,16-06-2022,24-06-2022,Delivered,567,97.53,85.29,21,Yes,PET,99
PO-00462,Delta_Logistics,01-07-2022,,Delivered,148,44.91,40.1,,No,PA6,30
PO-00463,Beta_Supplies,27-02-2023,14-03-2023,Pending,1965,36.6,34.64,195,Yes,PA6,92
PO-00464,Alpha_Inc,26-01-2022,03-02-2022,Pending,1818,67.96,58.98,,Yes,LDPE,99
PO-00465,Beta_Supplies,03-07-2022,19-07-2022,Delivered,1110,48.19,45.88,112,Yes,EVA,91
PO-00466,Delta_Logistics,07-12-2022,,Delivered,329,12.96,12.74,48,Yes,HDPE,70
PO-00467,Gamma_Co,26-02-2023,17-03-2023,Cancelled,1422,25.62,25.18,65,Yes,PC,88
PO-00468,Delta_Logistics,17-11-2023,,Delivered,546,82.63,74.77,76,No,PET,30
PO-00469,Gamma_Co,12-09-2022,22-09-2022,Partially Delivered,351,72.08,71.3,20,Yes,EVA,97
PO-00470,Delta_Logistics,01-10-2022,18-10-2022,Partially Delivered,230,13,12.81,,No,PP,50
PO-00471,Alpha_Inc,13-06-2022,19-06-2022,Delivered,656,30.73,26.26,17,Yes,LDPE,100
PO-00472,Gamma_Co,20-12-2023,09-01-2024,Delivered,1172,34.34,32.09,69,Yes,PET,87
PO-00473,Gamma_Co,21-04-2022,30-04-2022,Delivered,749,71.53,70.02,41,Yes,PC,98
PO-00474,Beta_Supplies,27-01-2023,12-02-2023,Delivered,1042,12.48,12.3,88,Yes,HDPE,91
PO-00475,Delta_Logistics,09-02-2022,27-02-2022,Delivered,1189,19.47,17.15,,No,HDPE,49
PO-00476,Epsilon_Group,27-04-2023,,Delivered,240,88.14,81.9,4,Yes,PVC,70
PO-00477,Epsilon_Group,16-08-2022,02-09-2022,Delivered,302,26.98,26.47,9,Yes,PC,90
PO-00478,Beta_Supplies,24-07-2022,03-08-2022,Pending,1030,70.81,61.58,,No,LDPE,57
PO-00479,Delta_Logistics,17-04-2023,23-04-2023,Delivered,977,33.79,32.25,137,Yes,LDPE,100
PO-00480,Alpha_Inc,25-12-2022,11-01-2023,Delivered,1234,19.99,17.66,25,Yes,PS,90
PO-00481,Beta_Supplies,09-11-2022,23-11-2022,Delivered,1329,33.48,33.06,146,Yes,PLA,93
PO-00482,Gamma_Co,22-08-2022,30-08-2022,Delivered,1396,77.63,67.81,58,Yes,POM,99
PO-00483,Alpha_Inc,17-08-2022,29-08-2022,Delivered,177,90.06,87.71,7,Yes,PVC,95
PO-00484,Delta_Logistics,25-01-2022,,Delivered,67,84.72,73.06,9,Yes,LDPE,70
PO-00485,Gamma_Co,07-11-2023,20-11-2023,Delivered,1866,50.78,48.2,96,Yes,LDPE,94
PO-00486,Epsilon_Group,17-07-2022,25-07-2022,Delivered,1808,72.23,67.86,53,Yes,LDPE,99
PO-00487,Delta_Logistics,13-02-2023,16-02-2023,Cancelled,615,30.3,29.52,96,Yes,LCP,100
PO-00488,Gamma_Co,03-12-2022,04-12-2022,Pending,619,38.38,35.02,34,Yes,HDPE,100
PO-00489,Delta_Logistics,13-10-2022,17-10-2022,Delivered,1396,94.75,84.06,210,Yes,PS,100
PO-00490,Gamma_Co,13-03-2022,24-03-2022,Delivered,1945,11.28,9.98,94,Yes,HDPE,96
PO-00491,Delta_Logistics,13-10-2022,18-10-2022,Delivered,735,18.49,15.89,113,No,PVC,60
PO-00492,Epsilon_Group,26-12-2022,11-01-2023,Pending,1865,30.29,26.83,56,Yes,PET,91
PO-00493,Beta_Supplies,19-10-2023,24-10-2023,Cancelled,675,13.69,11.84,52,Yes,LDPE,100
PO-00494,Gamma_Co,06-06-2023,22-06-2023,Pending,1361,28.57,24.29,65,Yes,PA6,91
PO-00495,Gamma_Co,14-02-2023,15-02-2023,Delivered,903,66.53,60.15,29,Yes,LDPE,100
PO-00496,Epsilon_Group,27-11-2023,,Cancelled,1736,53.2,50.68,48,Yes,PC,70
PO-00497,Beta_Supplies,04-07-2023,11-07-2023,Delivered,1011,98.47,97.06,91,Yes,PET,100
PO-00498,Delta_Logistics,06-12-2022,24-12-2022,Delivered,1712,88.17,85.86,246,Yes,PP,89
PO-00499,Gamma_Co,29-01-2022,,Delivered,204,40.76,37.46,10,Yes,PPO,70
PO-00500,Beta_Supplies,29-04-2022,13-05-2022,Partially Delivered,539,33.85,30.57,34,No,PC,53
PO-00501,Delta_Logistics,25-09-2022,05-10-2022,Delivered,1459,45.94,42.56,212,No,PS,57
PO-00502,Gamma_Co,02-07-2022,06-07-2022,Delivered,834,65.02,56.19,,Yes,PET,100
PO-00503,Gamma_Co,18-08-2023,01-09-2023,Partially Delivered,1177,37.37,34.27,60,Yes,PS,93
PO-00504,Delta_Logistics,29-09-2022,19-10-2022,Delivered,1466,68.82,66.82,211,Yes,PET,87
PO-00505,Epsilon_Group,09-02-2022,13-02-2022,Delivered,1884,47.08,44.31,54,Yes,EVA,100
PO-00506,Beta_Supplies,22-04-2022,08-05-2022,Delivered,295,60.58,57.32,31,Yes,PP,91
PO-00507,Gamma_Co,03-09-2023,04-09-2023,Delivered,1249,54.18,47.29,59,Yes,PET,100
PO-00508,Delta_Logistics,21-03-2023,09-04-2023,Delivered,1112,39.06,33.6,184,No,HDPE,48
PO-00509,Gamma_Co,20-12-2022,25-12-2022,Delivered,1550,100.61,97.43,66,Yes,Silicone,100
PO-00510,Delta_Logistics,18-11-2022,19-11-2022,Delivered,1755,82.66,73.67,258,No,PS,60
PO-00511,Gamma_Co,23-03-2023,31-03-2023,Delivered,808,24.19,21.64,39,Yes,PA66,99
PO-00512,Alpha_Inc,13-09-2023,19-09-2023,Partially Delivered,587,96.98,95.35,14,Yes,SAN,100
PO-00513,Epsilon_Group,08-06-2023,11-06-2023,Delivered,1940,58.45,50.29,54,Yes,PVC,100
PO-00514,Beta_Supplies,29-04-2022,11-05-2022,Cancelled,1891,91.87,80.28,158,Yes,LDPE,95
PO-00515,Epsilon_Group,30-01-2023,16-02-2023,Delivered,970,86.91,78.44,18,Yes,PET,90
PO-00516,Epsilon_Group,14-08-2023,31-08-2023,Delivered,457,52.85,50.34,16,Yes,ABS,90
PO-00517,Beta_Supplies,14-07-2022,27-07-2022,Cancelled,574,12.38,11.47,,No,PMMA,54
PO-00518,Epsilon_Group,18-09-2022,20-09-2022,Delivered,877,35.55,34.69,24,Yes,PS,100
PO-00519,Alpha_Inc,15-02-2022,27-02-2022,Delivered,1579,59.04,50.95,29,Yes,PET,95
PO-00520,Delta_Logistics,27-12-2023,28-12-2023,Delivered,952,74.72,69.73,,Yes,POM,100
PO-00521,Beta_Supplies,23-03-2023,26-03-2023,Pending,1898,35.53,33.25,187,Yes,ABS,100
PO-00522,Delta_Logistics,02-01-2022,06-01-2022,Delivered,85,22.54,20.68,6,Yes,PET,100
PO-00523,Gamma_Co,17-06-2023,28-06-2023,Pending,734,92.38,78.92,34,No,PET,56
PO-00524,Alpha_Inc,06-07-2023,18-07-2023,Delivered,69,107.47,105.53,,Yes,HDPE,95
PO-00525,Delta_Logistics,05-12-2023,11-12-2023,Delivered,370,63.9,55.79,59,Yes,POM,100
PO-00526,Delta_Logistics,18-11-2023,03-12-2023,Delivered,1849,28.25,27.53,271,Yes,PVC,92
PO-00527,Beta_Supplies,21-07-2022,,Delivered,561,35.54,30.99,68,No,PA6,30
PO-00528,Gamma_Co,08-01-2023,14-01-2023,Delivered,449,12.35,10.67,29,Yes,PC,100
PO-00529,Beta_Supplies,18-03-2023,21-03-2023,Delivered,703,98.75,86.78,59,Yes,PVC,100
PO-00530,Gamma_Co,13-03-2022,28-03-2022,Delivered,1021,20.8,18.23,37,Yes,HDPE,92
PO-00531,Beta_Supplies,12-11-2023,19-11-2023,Delivered,1956,68.69,65.09,,Yes,PS,100
PO-00532,Delta_Logistics,05-12-2022,12-12-2022,Partially Delivered,520,36.57,34.78,67,No,PET,60
PO-00533,Delta_Logistics,01-10-2023,12-10-2023,Delivered,1216,66.16,63,179,No,PVC,56
PO-00534,Alpha_Inc,18-11-2022,,Delivered,1165,72.06,63.93,,Yes,PEEK,70
PO-00535,Delta_Logistics,11-11-2023,29-11-2023,Pending,1427,93.99,83.6,213,Yes,HDPE,89
PO-00536,Epsilon_Group,08-05-2022,10-05-2022,Delivered,883,29.15,25.75,14,Yes,ABS,100
PO-00537,Delta_Logistics,04-11-2022,11-11-2022,Partially Delivered,1873,11.54,9.89,284,No,ABS,60
PO-00538,Epsilon_Group,04-06-2023,06-06-2023,Delivered,776,24.22,22.53,27,Yes,PA66,100
PO-00539,Delta_Logistics,13-11-2022,24-11-2022,Delivered,903,95.55,92.45,149,No,PET,56
PO-00540,Epsilon_Group,14-11-2023,26-11-2023,Delivered,100,98.4,85.76,3,Yes,PET,95
PO-00541,Epsilon_Group,23-02-2023,08-03-2023,Delivered,1738,67.91,61.15,,Yes,PVC,94
PO-00542,Delta_Logistics,01-12-2022,14-12-2022,Delivered,1771,67.57,61.48,280,No,PTFE,54
PO-00543,Epsilon_Group,17-02-2023,23-02-2023,Delivered,624,74.39,66.3,18,No,LDPE,60
PO-00544,Alpha_Inc,15-12-2023,31-12-2023,Partially Delivered,1263,28.75,27.1,26,Yes,LDPE,91
PO-00545,Gamma_Co,30-10-2022,16-11-2022,Cancelled,1198,96.45,90.09,,Yes,LDPE,90
PO-00546,Epsilon_Group,22-07-2023,25-07-2023,Delivered,199,51.98,45.64,,No,PP,60
PO-00547,Epsilon_Group,11-05-2022,14-05-2022,Pending,363,45.37,38.73,,Yes,HDPE,100
PO-00548,Alpha_Inc,16-07-2022,22-07-2022,Delivered,619,58.4,51.04,,Yes,PP,100
PO-00549,Alpha_Inc,07-03-2023,18-03-2023,Delivered,1415,15.22,13.56,30,Yes,POM,96
PO-00550,Beta_Supplies,12-11-2023,23-11-2023,Delivered,354,27.71,23.87,39,No,PP,56
PO-00551,Gamma_Co,24-01-2023,03-02-2023,Delivered,1765,81.01,78.43,78,Yes,LDPE,97
PO-00552,Beta_Supplies,25-11-2023,09-12-2023,Delivered,731,19.37,17.3,69,No,POM,53
PO-00553,Epsilon_Group,28-06-2022,13-07-2022,Delivered,887,65.89,59.67,29,Yes,LDPE,92
PO-00554,Alpha_Inc,23-09-2023,25-09-2023,Delivered,1856,35.29,32.41,26,Yes,PA6,100
PO-00555,Epsilon_Group,06-08-2023,18-08-2023,Delivered,1127,49.32,46.49,30,Yes,PTFE,95
PO-00556,Delta_Logistics,05-11-2022,19-11-2022,Delivered,1052,37.78,32.6,162,Yes,PVC,93
PO-00557,Gamma_Co,20-02-2023,22-02-2023,Delivered,493,44.74,41.44,24,No,LDPE,60
PO-00558,Delta_Logistics,16-07-2023,29-07-2023,Partially Delivered,662,81.44,71.33,87,Yes,PET,94
PO-00559,Alpha_Inc,01-01-2022,07-01-2022,Delivered,1042,36.74,35.78,33,Yes,ABS,100
PO-00560,Alpha_Inc,08-11-2022,,Delivered,313,64.03,57.74,1,Yes,PMMA,70
PO-00561,Alpha_Inc,21-10-2022,10-11-2022,Delivered,1126,55.22,50.38,,Yes,PPS,87
PO-00562,Gamma_Co,04-08-2022,19-08-2022,Delivered,1645,72.17,64,79,Yes,EVA,92
PO-00563,Beta_Supplies,17-03-2023,20-03-2023,Delivered,1053,100.92,92.35,104,Yes,PLA,100
PO-00564,Epsilon_Group,17-08-2023,29-08-2023,Delivered,1693,83.14,73.3,62,Yes,ABS,95
PO-00565,Epsilon_Group,14-09-2023,03-10-2023,Pending,54,32.28,28.65,3,Yes,PET,88
PO-00566,Epsilon_Group,02-11-2023,07-11-2023,Delivered,1176,14.22,12.21,33,Yes,POM,100
PO-00567,Epsilon_Group,26-11-2022,08-12-2022,Delivered,1269,35.28,33.7,35,Yes,PVC,95
PO-00568,Epsilon_Group,22-04-2023,25-04-2023,Delivered,823,68.32,64.46,19,Yes,POM,100
PO-00569,Beta_Supplies,29-03-2023,15-04-2023,Delivered,926,15.65,13.49,94,No,HDPE,50
PO-00570,Delta_Logistics,29-03-2023,09-04-2023,Cancelled,1041,58.5,52.54,170,No,PS,56
PO-00571,Gamma_Co,23-11-2023,01-12-2023,Pending,933,70.72,65.47,42,Yes,PMMA,99
PO-00572,Delta_Logistics,07-08-2022,,Delivered,1423,41.48,40.9,199,Yes,PS,70
PO-00573,Delta_Logistics,08-06-2023,14-06-2023,Delivered,96,86.13,80.32,12,No,ABS,60
PO-00574,Epsilon_Group,30-04-2023,13-05-2023,Delivered,916,21.06,19.53,25,Yes,PET,94
PO-00575,Epsilon_Group,23-06-2022,,Delivered,872,17.18,16.63,20,Yes,PBT,70
PO-00576,Beta_Supplies,06-11-2023,15-11-2023,Delivered,985,83.85,80.88,,No,HDPE,58
PO-00577,Gamma_Co,28-03-2022,04-04-2022,Delivered,1893,55.14,50.1,98,Yes,LDPE,100
PO-00578,Alpha_Inc,18-10-2022,,Delivered,705,75.19,69.55,19,Yes,PP,70
PO-00579,Delta_Logistics,12-06-2023,28-06-2023,Delivered,318,53.31,51.78,,No,POM,51
PO-00580,Alpha_Inc,11-11-2023,16-11-2023,Pending,419,35.72,32.74,7,Yes,PET,100
PO-00581,Gamma_Co,11-10-2023,26-10-2023,Delivered,685,92.51,90.05,38,Yes,LDPE,92
PO-00582,Delta_Logistics,27-09-2023,12-10-2023,Partially Delivered,1179,90.14,82.63,194,Yes,PP,92
PO-00583,Alpha_Inc,10-12-2022,,Delivered,1743,76.51,65.88,40,Yes,LDPE,70
PO-00584,Alpha_Inc,06-04-2022,17-04-2022,Delivered,1732,35.01,34.18,40,Yes,PMMA,96
PO-00585,Beta_Supplies,29-08-2022,01-09-2022,Delivered,706,65.33,62.06,60,No,ABS,60
PO-00586,Gamma_Co,20-11-2023,30-11-2023,Cancelled,169,47.16,43.4,,Yes,PET,97
PO-00587,Gamma_Co,14-11-2022,20-11-2022,Pending,880,19.15,18.69,,No,PET,60
PO-00588,Gamma_Co,19-08-2022,25-08-2022,Delivered,1860,95.8,92.17,105,No,PP,60
PO-00589,Delta_Logistics,23-07-2022,09-08-2022,Delivered,1677,22.98,21.71,246,Yes,PP,90
PO-00590,Beta_Supplies,31-05-2022,07-06-2022,Partially Delivered,1131,97.43,91.28,103,Yes,PET,100
PO-00591,Epsilon_Group,26-01-2022,03-02-2022,Cancelled,1419,50.14,43.46,,Yes,LDPE,99
PO-00592,Delta_Logistics,17-02-2022,18-02-2022,Pending,790,26.8,25.62,115,Yes,PET,100
PO-00593,Gamma_Co,08-09-2022,27-09-2022,Pending,1547,61.12,53.43,77,Yes,PS,88
PO-00594,Delta_Logistics,02-05-2023,20-05-2023,Cancelled,166,95.65,94.48,23,Yes,PS,89
PO-00595,Alpha_Inc,18-09-2023,21-09-2023,Delivered,1903,83.49,82.33,43,Yes,LDPE,100
PO-00596,Delta_Logistics,16-03-2022,29-03-2022,Partially Delivered,840,83.42,80.35,153,Yes,PMMA,94
PO-00597,Delta_Logistics,12-04-2023,,Delivered,1200,74.49,64.63,161,Yes,ABS,70
PO-00598,Gamma_Co,01-03-2023,18-03-2023,Delivered,1466,77.37,70.35,72,Yes,PVC,90
PO-00599,Alpha_Inc,07-10-2023,21-10-2023,Delivered,1981,95.5,94.39,49,Yes,PBT,93
PO-00600,Gamma_Co,13-08-2023,16-08-2023,Delivered,1062,35.55,32.38,,Yes,PA66,100
PO-00601,Alpha_Inc,19-07-2022,30-07-2022,Delivered,1714,55.67,55.09,42,Yes,PET,96
PO-00602,Alpha_Inc,15-12-2023,30-12-2023,Delivered,1131,33.35,31.28,23,Yes,Polyimide,92
PO-00603,Alpha_Inc,29-01-2023,15-02-2023,Delivered,683,104.82,101.34,,Yes,PMMA,90
PO-00604,Gamma_Co,22-05-2023,09-06-2023,Partially Delivered,562,102.56,90.88,38,Yes,PP,89
PO-00605,Alpha_Inc,14-02-2023,20-02-2023,Delivered,1824,14.43,14.11,36,Yes,ABS,100
PO-00606,Beta_Supplies,07-09-2022,12-09-2022,Partially Delivered,851,76.44,74.76,91,Yes,HDPE,100
PO-00607,Beta_Supplies,01-06-2022,03-06-2022,Delivered,1169,95.6,82.16,103,Yes,LDPE,100
PO-00608,Epsilon_Group,03-11-2023,20-11-2023,Delivered,1711,29.14,26.35,48,Yes,PMMA,90
PO-00609,Beta_Supplies,06-12-2023,12-12-2023,Pending,1191,68.14,61.71,112,Yes,PS,100
PO-00610,Epsilon_Group,06-01-2022,14-01-2022,Delivered,609,92.39,82.75,29,Yes,HDPE,99
PO-00611,Beta_Supplies,20-04-2022,07-05-2022,Delivered,1674,13.25,11.77,181,Yes,PPS,90
PO-00612,Gamma_Co,12-03-2023,15-03-2023,Delivered,537,77.86,71.18,20,Yes,PC,100
PO-00613,Epsilon_Group,13-08-2022,31-08-2022,Delivered,1310,38.05,37,45,Yes,HDPE,89
PO-00614,Delta_Logistics,30-06-2022,10-07-2022,Delivered,1958,95.53,91.72,308,Yes,PP,97
PO-00615,Delta_Logistics,14-12-2023,17-12-2023,Delivered,946,108.6,101.78,146,Yes,PET,100
PO-00616,Beta_Supplies,15-06-2023,21-06-2023,Partially Delivered,1345,103.06,95.14,,Yes,UHMWPE,100
PO-00617,Delta_Logistics,21-04-2023,10-05-2023,Delivered,1262,56.63,51.46,,No,HDPE,48
PO-00618,Beta_Supplies,21-02-2022,13-03-2022,Pending,753,88.02,79.92,75,Yes,HDPE,87
PO-00619,Beta_Supplies,25-07-2023,14-08-2023,Delivered,1520,93.75,81.63,149,Yes,LDPE,87
PO-00620,Delta_Logistics,13-09-2022,02-10-2022,Delivered,630,40.27,37.54,76,Yes,PET,88
PO-00621,Delta_Logistics,05-05-2022,06-05-2022,Delivered,839,86.29,82.51,110,Yes,LDPE,100
PO-00622,Alpha_Inc,13-04-2023,02-05-2023,Delivered,910,14.33,14.07,27,Yes,PVC,88
PO-00623,Epsilon_Group,17-05-2022,24-05-2022,Delivered,296,64.94,63.61,,Yes,PS,100
PO-00624,Beta_Supplies,21-04-2023,05-05-2023,Delivered,1149,33,30.65,141,Yes,PET,93
PO-00625,Delta_Logistics,15-11-2023,16-11-2023,Delivered,203,23.14,20,,No,PVC,60
PO-00626,Epsilon_Group,28-06-2023,16-07-2023,Delivered,1729,18.36,16.34,47,Yes,POM,89
PO-00627,Delta_Logistics,27-07-2023,06-08-2023,Delivered,1508,79.21,73.27,226,Yes,UHMWPE,97
PO-00628,Delta_Logistics,02-09-2023,15-09-2023,Partially Delivered,1046,44.65,40.1,165,No,HDPE,54
PO-00629,Alpha_Inc,21-11-2022,24-11-2022,Delivered,1159,78.99,71.69,14,Yes,PS,100
PO-00630,Beta_Supplies,30-03-2023,05-04-2023,Delivered,746,16.99,15.35,69,No,PA6,60
PO-00631,Beta_Supplies,20-09-2023,06-10-2023,Delivered,1358,42.21,38.75,128,Yes,HDPE,91
PO-00632,Gamma_Co,01-06-2023,12-06-2023,Delivered,1293,63.53,59.42,79,Yes,HDPE,96
PO-00633,Alpha_Inc,13-03-2023,24-03-2023,Delivered,1142,86.85,74.28,30,Yes,PS,96
PO-00634,Epsilon_Group,16-07-2023,27-07-2023,Delivered,1120,42.17,37.47,33,Yes,PA66,96
PO-00635,Alpha_Inc,02-04-2023,14-04-2023,Delivered,1058,71.3,62.04,,Yes,PP,95
PO-00636,Epsilon_Group,12-06-2022,,Delivered,143,91.98,86.02,5,Yes,LDPE,70
PO-00637,Beta_Supplies,02-05-2023,14-05-2023,Delivered,1823,70.66,66.92,202,Yes,PET,95
PO-00638,Gamma_Co,06-04-2023,10-04-2023,Delivered,1007,33.29,28.48,49,Yes,PET,100
PO-00639,Gamma_Co,23-09-2022,08-10-2022,Delivered,1061,12.68,12.36,56,No,LDPE,52
PO-00640,Beta_Supplies,11-09-2022,26-09-2022,Pending,502,91.84,82.33,,Yes,ABS,92
PO-00641,Delta_Logistics,15-10-2023,19-10-2023,Delivered,1277,13.17,11.63,199,No,PBT,60
PO-00642,Alpha_Inc,11-10-2022,24-10-2022,Delivered,961,92.72,88.49,22,Yes,PA6,94
PO-00643,Gamma_Co,18-06-2023,02-07-2023,Delivered,267,62.5,61.18,17,Yes,HDPE,93
PO-00644,Delta_Logistics,12-05-2023,18-05-2023,Cancelled,523,102.08,99.59,,Yes,PTFE,100
PO-00645,Epsilon_Group,04-10-2023,23-10-2023,Pending,481,90.49,77.17,,Yes,PP,88
PO-00646,Gamma_Co,02-09-2022,09-09-2022,Delivered,390,103.81,100.12,20,Yes,PP,100
PO-00647,Epsilon_Group,09-10-2022,25-10-2022,Delivered,600,43.43,38.76,22,Yes,HDPE,91
PO-00648,Delta_Logistics,27-03-2023,,Delivered,1685,84.58,75.21,253,No,HDPE,30
PO-00649,Epsilon_Group,21-03-2022,31-03-2022,Cancelled,1362,46.64,42.85,33,Yes,PVC,97
PO-00650,Delta_Logistics,01-01-2024,04-01-2024,Pending,1327,59.57,56.44,169,Yes,HDPE,100
PO-00651,Epsilon_Group,20-10-2022,,Delivered,1807,69.47,60,50,Yes,LDPE,70
PO-00652,Alpha_Inc,29-08-2022,06-09-2022,Pending,406,91.73,89.13,,Yes,POM,99
PO-00653,Gamma_Co,06-10-2022,18-10-2022,Partially Delivered,72,103,89.49,1,No,HDPE,55
PO-00654,Gamma_Co,10-12-2022,20-12-2022,Delivered,1835,83.5,82.36,85,No,POM,57
PO-00655,Delta_Logistics,24-11-2022,10-12-2022,Pending,571,49.98,45.58,,No,PA6,51
PO-00656,Epsilon_Group,08-07-2023,09-07-2023,Delivered,1831,52.24,50.44,60,Yes,PTFE,100
PO-00657,Beta_Supplies,24-03-2022,07-04-2022,Pending,1910,77.15,68.49,170,Yes,HDPE,93
PO-00658,Gamma_Co,22-05-2022,31-05-2022,Partially Delivered,1173,32.12,29.18,,Yes,HDPE,98
PO-00659,Epsilon_Group,04-06-2022,17-06-2022,Partially Delivered,851,20.44,19.22,22,Yes,PPS,94
PO-00660,Epsilon_Group,25-08-2022,07-09-2022,Cancelled,1253,43.38,38.01,34,Yes,PA6,94
PO-00661,Alpha_Inc,28-01-2023,15-02-2023,Delivered,1296,38,33.42,33,Yes,HDPE,89
PO-00662,Beta_Supplies,12-12-2023,30-12-2023,Delivered,1979,40.88,39.46,221,Yes,PVC,89
PO-00663,Gamma_Co,06-06-2022,19-06-2022,Delivered,811,31.8,30.33,58,Yes,PET,94
PO-00664,Alpha_Inc,25-12-2023,12-01-2024,Delivered,1732,15.37,14.7,38,Yes,PVC,89
PO-00665,Beta_Supplies,08-08-2022,28-08-2022,Delivered,491,12.01,11.67,47,Yes,PMMA,87
PO-00666,Gamma_Co,07-03-2022,11-03-2022,Cancelled,1681,99.88,96.38,90,Yes,PS,100
PO-00667,Alpha_Inc,01-03-2023,05-03-2023,Partially Delivered,818,51.89,47.85,12,Yes,PMMA,100
PO-00668,Beta_Supplies,22-02-2023,05-03-2023,Delivered,1065,47.49,41.42,113,Yes,PET,96
PO-00669,Gamma_Co,05-12-2022,17-12-2022,Delivered,1398,75.08,67.09,57,Yes,PMMA,95
PO-00670,Beta_Supplies,10-07-2023,17-07-2023,Delivered,565,32.31,29.76,60,Yes,PET,100
PO-00671,Epsilon_Group,23-04-2023,06-05-2023,Pending,1089,102.66,89.21,33,Yes,EVA,94
PO-00672,Delta_Logistics,02-03-2023,04-03-2023,Delivered,841,86.43,83.77,125,No,PET,60
PO-00673,Delta_Logistics,05-03-2022,16-03-2022,Delivered,385,18.23,17.74,,Yes,HDPE,96
PO-00674,Epsilon_Group,31-07-2022,17-08-2022,Delivered,1832,49.01,41.86,52,Yes,LDPE,90
PO-00675,Beta_Supplies,07-03-2023,27-03-2023,Delivered,307,95.36,83.63,29,Yes,PET,87
PO-00676,Epsilon_Group,03-02-2023,08-02-2023,Delivered,546,101.2,97.82,21,Yes,PVC,100
PO-00677,Delta_Logistics,22-08-2023,11-09-2023,Delivered,945,57.01,55.14,147,No,PET,47
PO-00678,Delta_Logistics,14-12-2023,27-12-2023,Pending,209,72.71,64.34,39,Yes,PVC,94
PO-00679,Beta_Supplies,21-01-2022,,Delivered,1548,25.03,22.87,,Yes,LDPE,70
PO-00680,Delta_Logistics,13-08-2023,23-08-2023,Delivered,901,108.63,106.3,141,Yes,HDPE,97
PO-00681,Epsilon_Group,25-01-2023,11-02-2023,Delivered,1737,32.7,31.02,48,Yes,PA6,90
PO-00682,Beta_Supplies,04-05-2023,22-05-2023,Delivered,1981,102.43,90.99,204,Yes,PET,89
PO-00683,Epsilon_Group,07-01-2022,26-01-2022,Pending,739,68.47,66.09,19,Yes,PC,88
PO-00684,Beta_Supplies,27-12-2022,28-12-2022,Delivered,1748,68.25,62.84,171,Yes,LDPE,100
PO-00685,Delta_Logistics,02-11-2022,06-11-2022,Cancelled,429,58.95,55.35,59,No,PBT,60
PO-00686,Gamma_Co,04-02-2023,,Delivered,1618,32.76,28.41,62,Yes,Epoxy Resin,70
PO-00687,Beta_Supplies,06-03-2023,07-03-2023,Delivered,1006,27.7,23.66,101,No,PMMA,60
PO-00688,Beta_Supplies,06-07-2023,15-07-2023,Partially Delivered,740,32.53,29.35,84,Yes,PS,98
PO-00689,Gamma_Co,14-07-2023,,Delivered,1500,29.19,27.24,72,Yes,PS,70
PO-00690,Delta_Logistics,10-09-2023,29-09-2023,Cancelled,1686,88.18,77.15,,Yes,PS,88
PO-00691,Epsilon_Group,14-08-2022,16-08-2022,Cancelled,1341,42.96,41.75,39,Yes,PET,100
PO-00692,Alpha_Inc,15-05-2023,21-05-2023,Cancelled,1908,16.42,15.31,36,Yes,PA6,100
PO-00693,Gamma_Co,13-08-2022,02-09-2022,Partially Delivered,1650,100.62,90.45,85,Yes,LDPE,87
PO-00694,Alpha_Inc,07-10-2022,20-10-2022,Delivered,1490,93.57,81.68,29,Yes,PPS,94
PO-00695,Delta_Logistics,23-03-2023,31-03-2023,Delivered,1241,100.04,97.56,187,Yes,PET,99
PO-00696,Beta_Supplies,13-05-2023,17-05-2023,Delivered,1915,107.51,102.66,184,Yes,Epoxy Resin,100
PO-00697,Beta_Supplies,30-01-2022,14-02-2022,Delivered,1116,25.65,24.28,121,Yes,EVA,92
PO-00698,Delta_Logistics,03-02-2023,08-02-2023,Delivered,1629,48.63,43.28,260,Yes,PP,100
PO-00699,Epsilon_Group,11-12-2022,18-12-2022,Delivered,334,82.54,74.63,,Yes,PVC,100
PO-00700,Epsilon_Group,16-11-2023,06-12-2023,Delivered,446,80.63,70.37,,Yes,ABS,87
PO-00701,Delta_Logistics,27-11-2023,,Delivered,61,26.47,24.62,6,Yes,PET,70
PO-00702,Delta_Logistics,19-02-2023,21-02-2023,Delivered,1680,88.85,87.53,,Yes,PET,100
PO-00703,Delta_Logistics,19-06-2022,06-07-2022,Delivered,1375,30.95,30.02,223,Yes,PA66,90
PO-00704,Delta_Logistics,24-04-2023,05-05-2023,Partially Delivered,1971,32.4,30.48,321,Yes,HDPE,96
PO-00705,Delta_Logistics,11-05-2022,,Pending,1326,59.49,56.21,,Yes,PVC,70
PO-00706,Delta_Logistics,30-09-2023,13-10-2023,Cancelled,548,69.7,61.87,90,Yes,PVC,94
PO-00707,Beta_Supplies,01-07-2023,07-07-2023,Delivered,803,67.81,61.53,78,Yes,PC,100
PO-00708,Alpha_Inc,28-01-2022,15-02-2022,Delivered,84,18.23,15.55,0,Yes,PC,89
PO-00709,Epsilon_Group,08-02-2023,20-02-2023,Delivered,776,94.75,90.89,19,Yes,MF,95
PO-00710,Alpha_Inc,30-08-2023,08-09-2023,Delivered,898,37.12,35.54,18,No,HDPE,58
PO-00711,Beta_Supplies,01-08-2023,08-08-2023,Cancelled,139,23.71,20.18,14,Yes,PET,100
PO-00712,Gamma_Co,10-11-2023,,Delivered,825,99.89,97.65,30,Yes,LDPE,70
PO-00713,Alpha_Inc,28-01-2022,07-02-2022,Delivered,654,96.01,90.31,10,Yes,ABS,97
PO-00714,Gamma_Co,27-03-2022,06-04-2022,Delivered,1995,88.47,82.65,87,No,PVC,57
PO-00715,Beta_Supplies,21-10-2023,28-10-2023,Delivered,1019,91.56,77.93,111,No,PET,60
PO-00716,Epsilon_Group,15-03-2023,31-03-2023,Pending,1675,73.8,65.34,42,Yes,PA66,91
PO-00717,Gamma_Co,19-05-2022,31-05-2022,Pending,1071,60.77,58.5,,Yes,PP,95
PO-00718,Beta_Supplies,18-04-2023,27-04-2023,Delivered,467,19.17,17.11,49,Yes,Silicone,98
PO-00719,Delta_Logistics,06-07-2022,25-07-2022,Pending,164,48.16,47.46,27,Yes,PP,88
PO-00720,Epsilon_Group,21-02-2022,06-03-2022,Cancelled,666,43.76,41.13,18,Yes,PP,94
PO-00721,Delta_Logistics,24-09-2022,07-10-2022,Partially Delivered,1976,34.71,31.56,286,No,PET,54
PO-00722,Epsilon_Group,24-01-2023,29-01-2023,Delivered,1269,79.61,71.86,47,Yes,HDPE,100
PO-00723,Epsilon_Group,02-12-2022,12-12-2022,Delivered,875,57.63,51.8,16,Yes,HDPE,97
PO-00724,Alpha_Inc,05-08-2022,,Partially Delivered,1574,17.9,15.85,31,Yes,PA66,70
PO-00725,Epsilon_Group,11-04-2023,26-04-2023,Partially Delivered,1699,32.05,29.34,69,Yes,PPS,92
PO-00726,Alpha_Inc,01-12-2022,17-12-2022,Delivered,1566,75.43,71.27,27,Yes,PLA,91
PO-00727,Gamma_Co,12-12-2022,30-12-2022,Delivered,1148,17.78,17.16,61,Yes,EVA,89
PO-00728,Epsilon_Group,24-01-2023,11-02-2023,Delivered,462,91.81,83.14,11,Yes,PC,89
PO-00729,Gamma_Co,12-10-2022,17-10-2022,Delivered,1449,57.02,49.28,71,Yes,PET,100
PO-00730,Epsilon_Group,08-03-2023,27-03-2023,Delivered,1493,56.98,52.51,43,Yes,PMMA,88
PO-00731,Alpha_Inc,16-09-2022,18-09-2022,Delivered,778,65.85,62.08,,No,POM,60
PO-00732,Delta_Logistics,25-03-2022,11-04-2022,Partially Delivered,1350,85.06,82.34,,No,LDPE,50
PO-00733,Epsilon_Group,27-04-2023,05-05-2023,Delivered,1070,44.4,40.07,26,Yes,PS,99
PO-00734,Beta_Supplies,20-01-2022,03-02-2022,Pending,810,71.02,66.8,73,Yes,HDPE,93
PO-00735,Delta_Logistics,07-07-2023,23-07-2023,Cancelled,725,66.4,62.1,118,Yes,HDPE,91
PO-00736,Alpha_Inc,23-02-2022,28-02-2022,Delivered,1467,34.2,30.5,25,Yes,LDPE,100
PO-00737,Beta_Supplies,25-12-2022,12-01-2023,Delivered,1942,93.98,81.31,198,Yes,LDPE,89
PO-00738,Gamma_Co,18-08-2022,,Delivered,506,84.63,72.69,20,Yes,PBT,70
PO-00739,Alpha_Inc,28-10-2023,13-11-2023,Delivered,969,76.53,75.64,30,Yes,PVC,91
PO-00740,Delta_Logistics,12-03-2022,19-03-2022,Delivered,241,87.42,82.15,,Yes,PP,100
PO-00741,Gamma_Co,30-10-2023,09-11-2023,Delivered,788,97.3,94.44,32,Yes,PET,97
PO-00742,Gamma_Co,11-02-2022,13-02-2022,Delivered,1762,74.12,65.71,94,Yes,HDPE,100
PO-00743,Alpha_Inc,01-02-2022,,Pending,1172,85.76,81.43,25,Yes,HDPE,70
PO-00744,Delta_Logistics,11-09-2022,30-09-2022,Delivered,1621,75.68,73.78,226,No,HDPE,48
PO-00745,Alpha_Inc,24-07-2022,26-07-2022,Delivered,1027,73.35,65.42,24,No,PS,60
PO-00746,Beta_Supplies,21-01-2022,,Delivered,1058,65.68,57.21,101,Yes,PVC,70
PO-00747,Beta_Supplies,29-09-2023,05-10-2023,Delivered,145,85.52,81.86,11,No,PC,60
PO-00748,Epsilon_Group,06-06-2022,,Delivered,1737,24.88,24.28,46,Yes,PS,70
PO-00749,Gamma_Co,02-09-2022,15-09-2022,Delivered,712,92.85,89.39,43,Yes,ABS,94
PO-00750,Epsilon_Group,10-05-2022,16-05-2022,Delivered,1263,90.24,86.84,28,Yes,LDPE,100
PO-00751,Delta_Logistics,30-04-2023,,Delivered,1809,13.58,12.68,,No,HDPE,30
PO-00752,Beta_Supplies,17-11-2023,,Cancelled,86,93.6,88.22,5,Yes,HDPE,70
PO-00753,Epsilon_Group,28-04-2022,,Delivered,1853,21.92,20.72,,Yes,LDPE,70
PO-00754,Beta_Supplies,01-08-2023,02-08-2023,Delivered,1442,43.98,41.82,140,No,PC,60
PO-00755,Beta_Supplies,12-08-2022,01-09-2022,Pending,1768,79.61,74.97,207,No,PVC,47
PO-00756,Beta_Supplies,22-04-2023,03-05-2023,Partially Delivered,1598,26.3,26.03,154,No,PVC,56
PO-00757,Alpha_Inc,18-12-2023,05-01-2024,Cancelled,328,93.23,82.63,6,Yes,PET,89
PO-00758,Epsilon_Group,20-09-2022,25-09-2022,Delivered,266,88.29,80.22,4,Yes,PVC,100
PO-00759,Gamma_Co,13-01-2023,28-01-2023,Delivered,916,59.01,53.37,47,Yes,PVC,92
PO-00760,Epsilon_Group,21-06-2022,25-06-2022,Cancelled,922,10.84,9.27,29,Yes,HDPE,100
PO-00761,Gamma_Co,13-09-2023,28-09-2023,Delivered,1871,39.42,37.41,101,No,PVC,52
PO-00762,Epsilon_Group,14-09-2023,20-09-2023,Delivered,1346,72.08,67.04,38,Yes,PVC,100
PO-00763,Epsilon_Group,28-04-2022,09-05-2022,Delivered,1954,99.78,87.47,57,Yes,PBT,96
PO-00764,Beta_Supplies,17-06-2022,06-07-2022,Delivered,111,68.53,65.22,11,Yes,PVC,88
PO-00765,Gamma_Co,15-11-2022,22-11-2022,Pending,645,35.05,30.88,27,Yes,LDPE,100
PO-00766,Gamma_Co,21-04-2022,04-05-2022,Cancelled,1953,68.07,62.95,87,Yes,PEI,94
PO-00767,Gamma_Co,16-08-2023,02-09-2023,Delivered,778,64.17,61.6,47,Yes,LDPE,90
PO-00768,Epsilon_Group,27-01-2022,09-02-2022,Delivered,1415,80.19,78.34,,Yes,MF,94
PO-00769,Gamma_Co,16-11-2022,22-11-2022,Delivered,446,20.61,19.46,14,Yes,PF,100
PO-00770,Epsilon_Group,13-08-2023,,Delivered,748,85.95,79.16,32,Yes,LDPE,70
PO-00771,Alpha_Inc,25-11-2023,03-12-2023,Pending,1092,65.17,63.11,21,Yes,PP,99
PO-00772,Beta_Supplies,20-01-2023,02-02-2023,Delivered,226,102.47,99.16,28,Yes,HDPE,94
PO-00773,Delta_Logistics,11-02-2023,20-02-2023,Delivered,1685,43.42,42.24,262,Yes,PET,98
PO-00774,Alpha_Inc,23-07-2022,,Delivered,445,68.94,60.35,7,Yes,LDPE,70
PO-00775,Gamma_Co,19-03-2022,07-04-2022,Delivered,494,94.82,81.89,29,Yes,PBT,88
PO-00776,Beta_Supplies,30-08-2023,11-09-2023,Delivered,1306,21.05,18.27,128,Yes,HDPE,95
PO-00777,Beta_Supplies,09-12-2023,11-12-2023,Delivered,1988,105.2,93.23,187,Yes,PVC,100
