company_name,status,country,foreign_registration
Nova Enterprises,Inactive,Singapore,UEN:SIBS5CG9RP0
Infinity Solutions,Inactive,Australia,ABN:AUHOKEBR8UT
Infinity Industries,Active,Japan,Corporate Number:JAT13ZKJVYB
Global Exports,Active,Japan,Corporate Number:JAU8189NDPN
Infinity Industries,Active,Singapore,UEN:SI9LTEGTQLJ
Infinity Exports,Active,Canada,BN:CASK4QU97CN
Global Logistics,Inactive,USA,EIN:USVH68LBTV3
Global Solutions,Inactive,Australia,ABN:AU26FJD5SJ6
NextGen Enterprises,Inactive,Australia,ABN:AUJH6QRQOH6
Global Logistics,Active,Australia,ABN:AU3I091LLF6
Alpha Industries,Inactive,UK,CRN:UK1X2WGCZ1X
Prime Exports,Inactive,Australia,ABN:AU8PGNZR60Q
Prime Exports,Active,UK,CRN:UKM6APKQN5Q
Nova Industries,Active,Singapore,UEN:SI1X2COE6AD
Universal Enterprises,Inactive,Canada,BN:CAEJDGVDZ2A
Nova Logistics,Inactive,Singapore,UEN:SIRYH9IGAIG
NextGen Exports,Active,Germany,VAT:GEDH3RUZ9T7
Global Solutions,Inactive,Canada,BN:CA927KB416C
NextGen Solutions,Inactive,France,SIRET:FRXT39D4V4T
Global Logistics,Active,Australia,ABN:AUYNIG50ROL
Infinity Logistics,Inactive,USA,EIN:US2VCNFC4VH
Alpha Enterprises,Active,Australia,ABN:AU199DCT4BA
Universal Exports,Inactive,Australia,ABN:AU5ZSOILK65
Global Technologies,Inactive,Singapore,UEN:SIHAUU47EKL
Prime Logistics,Inactive,Japan,Corporate Number:JA7576NXG2N
Prime Solutions,Active,France,SIRET:FRKPFVO1R0U
Infinity Enterprises,Inactive,France,SIRET:FRIKVY7NAAU
International Technologies,Active,Canada,BN:CAE6AEU51V9
Alpha Enterprises,Inactive,Australia,ABN:AU1GJGU5WC9
Omega Logistics,Active,France,SIRET:FR89FMH5OKG
Prime Logistics,Active,Canada,BN:CA0N06SP6BN
TechWorld Solutions,Inactive,Australia,ABN:AUBIO7GXR86
Nova Technologies,Inactive,Australia,ABN:AUVUTBMIGT8
Omega Industries,Active,Japan,Corporate Number:JAN4B4WNU5S
Omega Industries,Active,UK,CRN:UKGOPFM71Y5
Nova Exports,Active,Australia,ABN:AUDT63XFAPH
TechWorld Solutions,Inactive,Singapore,UEN:SIEW0OX0222
Infinity Enterprises,Active,Australia,ABN:AU8MZOB6EH6
Global Solutions,Inactive,Singapore,UEN:SIKIKK3R53V
Infinity Logistics,Active,Japan,Corporate Number:JA8QMB8V91P
Omega Solutions,Active,Canada,BN:CANDBF8F3A4
Nova Logistics,Active,Japan,Corporate Number:JAZ4NECOOZI
Nova Enterprises,Active,France,SIRET:FR32M05IR56
Alpha Industries,Active,Japan,Corporate Number:JAC5SEM9SAO
NextGen Solutions,Inactive,Japan,Corporate Number:JA5JNJFFQJL
Omega Industries,Inactive,USA,EIN:USF6XME3UF7
NextGen Solutions,Active,Japan,Corporate Number:JAG7WBXD3C1
TechWorld Exports,Inactive,Canada,BN:CAYC2E9YW9O
Infinity Enterprises,Active,Japan,Corporate Number:JA0WZOJRG2D
International Solutions,Inactive,France,SIRET:FRKI3UMU5K5
Omega Enterprises,Active,Germany,VAT:GERFMDWAO5S
Prime Industries,Inactive,UK,CRN:UKGHPP8UOXO
International Logistics,Active,USA,EIN:US6155VU9XA
Global Exports,Active,France,SIRET:FR1IK9X43S5
TechWorld Logistics,Active,Japan,Corporate Number:JAHCGE6WMLM
Universal Exports,Active,USA,EIN:USTNQO4WNT0
TechWorld Enterprises,Active,Australia,ABN:AUDF5HXA566
Universal Technologies,Inactive,UK,CRN:UKNCF5EK30U
Nova Enterprises,Inactive,USA,EIN:USASBDFQA4W
NextGen Technologies,Active,Germany,VAT:GE24TF3PATS
Global Solutions,Inactive,France,SIRET:FR1V9WWYS4Z
Alpha Exports,Inactive,Japan,Corporate Number:JACQA314JYY
International Solutions,Active,USA,EIN:USLSGL64X25
Infinity Exports,Active,USA,EIN:USYKDSH2FLC
International Enterprises,Active,Australia,ABN:AU5OKR7PHJ5
Nova Solutions,Active,France,SIRET:FRAOHYU38F3
International Technologies,Inactive,UK,CRN:UK2DTSMV2AU
Infinity Solutions,Active,UK,CRN:UKKHWTY46BJ
Prime Industries,Inactive,Australia,ABN:AUT5QL8NI1N
NextGen Enterprises,Inactive,USA,EIN:USWJEMRCTH4
NextGen Exports,Inactive,France,SIRET:FR2XHAM67Y6
Global Industries,Active,UK,CRN:UK1VQDRKOO3
Nova Exports,Inactive,Germany,VAT:GEOX3W6AOVJ
Omega Enterprises,Inactive,Germany,VAT:GEYKPRLSAI2
Alpha Solutions,Active,Japan,Corporate Number:JADLJLJ3FK3
Nova Industries,Active,Australia,ABN:AUKKZAW9DH7
Omega Logistics,Active,Canada,BN:CAYW2NDKP1N
Alpha Solutions,Active,USA,EIN:USVWPQE8F46
NextGen Logistics,Inactive,Singapore,UEN:SI3X63VEEA5
Omega Technologies,Active,UK,CRN:UKRS4CT4EKG
Nova Technologies,Active,UK,CRN:UKEIY0SKG4S
Alpha Logistics,Active,Germany,VAT:GEXY21EMZS9
TechWorld Exports,Active,USA,EIN:US7U3EK3B0E
Omega Technologies,Active,Canada,BN:CAP4WSJ54HB
Infinity Enterprises,Inactive,France,SIRET:FRH582U0B6N
Global Enterprises,Inactive,UK,CRN:UKXL1L8JNZI
Global Technologies,Active,Canada,BN:CAIS9NAK3SX
Global Technologies,Inactive,Japan,Corporate Number:JA1AZKPPCXA
Global Exports,Inactive,USA,EIN:USYQSCXAINZ
NextGen Exports,Active,Japan,Corporate Number:JA9RL97FBUK
Global Technologies,Inactive,UK,CRN:UKT4OLH81PQ
Omega Exports,Inactive,France,SIRET:FRZLDWLZ9NX
Global Industries,Inactive,Singapore,UEN:SIV4N2GF410
TechWorld Logistics,Inactive,Japan,Corporate Number:JA5Z8C2NIQS
Alpha Solutions,Active,Canada,BN:CAMVBUC2BLM
NextGen Technologies,Active,UK,CRN:UK0NS4GVB1C
TechWorld Logistics,Active,Germany,VAT:GEDJ7PGRHZX
Omega Technologies,Inactive,USA,EIN:USSXXK7KHGP
Infinity Solutions,Inactive,Australia,ABN:AU190XFT5C6
Nova Logistics,Inactive,USA,EIN:USC479AFU8J
Global Logistics,Inactive,Japan,Corporate Number:JA26N9SCY5C
Global Solutions,Inactive,France,SIRET:FRSREQO62YN
Omega Industries,Active,USA,EIN:US33Z6AWU8T
NextGen Enterprises,Inactive,Japan,Corporate Number:JAJKYRLJ4VR
Global Enterprises,Active,Singapore,UEN:SIX20DQRM91
NextGen Logistics,Inactive,Australia,ABN:AUER3AEPQH2
NextGen Exports,Inactive,Canada,BN:CAIARKKOCZW
Universal Enterprises,Inactive,Australia,ABN:AU8D8LLNDU9
International Industries,Active,Germany,VAT:GEC1K120RT0
Prime Technologies,Inactive,France,SIRET:FRFIORUFI1V
TechWorld Industries,Active,Canada,BN:CA4AJSGXCK1
Global Logistics,Active,Singapore,UEN:SI8RIBC3OI0
Nova Technologies,Inactive,France,SIRET:FRYU3CCBNQQ
Alpha Industries,Active,UK,CRN:UKY4SS9F26V
Omega Logistics,Inactive,Canada,BN:CAOWWTT42PJ
Global Industries,Active,Australia,ABN:AUT4HJ487L2
NextGen Solutions,Inactive,UK,CRN:UKNNMPZ76BY
Global Industries,Inactive,Germany,VAT:GEM1PY9J9AB
Omega Enterprises,Active,Germany,VAT:GE4V2HSN7OQ
Omega Industries,Inactive,France,SIRET:FR1B2RI0OG1
Infinity Industries,Active,France,SIRET:FRPJYCYZ2PF
Omega Enterprises,Active,Canada,BN:CARMDFFE6BI
NextGen Logistics,Active,USA,EIN:US6491TJIUG
TechWorld Enterprises,Active,Germany,VAT:GEMBDJ0XSN1
Omega Logistics,Active,Canada,BN:CAKPY3UJU40
Infinity Solutions,Active,Japan,Corporate Number:JAB9GTKXVLB
International Solutions,Active,Canada,BN:CAMRU5C8MRV
Infinity Logistics,Active,Australia,ABN:AU7SO2DX9N2
Infinity Technologies,Active,Australia,ABN:AUXZCA0II69
Alpha Technologies,Active,Singapore,UEN:SI60W7L3CCU
Infinity Industries,Inactive,Australia,ABN:AUJ2O9CG74G
Prime Industries,Active,Singapore,UEN:SIZ8YPYJ7MF
Omega Industries,Active,Australia,ABN:AUKLZAUTRYJ
TechWorld Enterprises,Active,Australia,ABN:AU5P7O0SUL3
Prime Technologies,Inactive,UK,CRN:UKBX8TEXP6O
Universal Industries,Active,Japan,Corporate Number:JA3TI78ZYK3
International Solutions,Active,Japan,Corporate Number:JAQ9S7W46IK
Prime Enterprises,Inactive,Canada,BN:CAT9ECUYR66
Alpha Enterprises,Inactive,Germany,VAT:GEDW1X8PFVL
Universal Enterprises,Inactive,Japan,Corporate Number:JAYHG6VK9SM
Infinity Enterprises,Active,France,SIRET:FR42VWUBYUN
Universal Industries,Active,France,SIRET:FRY5NFTUU0B
Infinity Logistics,Inactive,UK,CRN:UK7NOKEE9JV
Alpha Enterprises,Active,Singapore,UEN:SI0OLZPYMGJ
TechWorld Enterprises,Inactive,Germany,VAT:GE0I04TX1YA
TechWorld Technologies,Active,Singapore,UEN:SINWKOQ27W1
Global Enterprises,Inactive,Japan,Corporate Number:JAK3DNM4BHE
International Exports,Inactive,UK,CRN:UK47AC8HVG4
Universal Exports,Inactive,Japan,Corporate Number:JAY5XTRHR3Q
Prime Logistics,Active,USA,EIN:USLVT6NZ3YE
Prime Exports,Inactive,Canada,BN:CA2W2Z55WV9
Global Exports,Active,UK,CRN:UKMUSV5OEBS
NextGen Solutions,Inactive,Australia,ABN:AUQ2FHUQY7I
Nova Exports,Active,USA,EIN:USD7D3EWDPR
Omega Solutions,Inactive,Australia,ABN:AUHRX5HWIXS
Global Technologies,Active,Germany,VAT:GEJVYPCFJ8W
TechWorld Exports,Active,Singapore,UEN:SIFL1FCPNQF
Universal Solutions,Active,Australia,ABN:AUJQUTA0VNR
Nova Industries,Inactive,France,SIRET:FRLKOZS275H
TechWorld Industries,Active,Singapore,UEN:SIMXR38UOKL
Omega Logistics,Active,Canada,BN:CARCLF36YFT
NextGen Industries,Active,Japan,Corporate Number:JAYBIH2G3OV
NextGen Technologies,Inactive,Japan,Corporate Number:JAP0TXRZQ8G
Alpha Logistics,Inactive,Australia,ABN:AUSS4G9WV4M
Omega Industries,Inactive,Germany,VAT:GE4P1QAS7ME
Prime Exports,Inactive,France,SIRET:FR1QMCSE8LH
TechWorld Enterprises,Active,Germany,VAT:GEY9H95NH2D
Prime Technologies,Active,France,SIRET:FR34F9ELOMW
Omega Exports,Inactive,Canada,BN:CAQHCXQO83P
Prime Technologies,Active,Germany,VAT:GEDQUPO52E0
International Technologies,Active,UK,CRN:UKLZUKJ60S3
Global Enterprises,Active,UK,CRN:UKXK5JPIHBC
Prime Solutions,Inactive,Canada,BN:CAKSRVSJWCA
Nova Enterprises,Inactive,France,SIRET:FRNHNGFSNSP
Omega Industries,Active,Australia,ABN:AUEPKVCZ1GQ
Global Logistics,Active,France,SIRET:FRXW411ZLTA
Alpha Logistics,Inactive,UK,CRN:UKSTFOJHCEV
TechWorld Solutions,Active,Australia,ABN:AUCYFHD2CSE
NextGen Technologies,Inactive,Japan,Corporate Number:JAYLI3H2QE4
Global Industries,Inactive,Australia,ABN:AUX7QQ4YLYQ
Global Exports,Active,UK,CRN:UKXFQFAC7F5
NextGen Industries,Inactive,Singapore,UEN:SICPMESEWEK
Prime Industries,Active,Germany,VAT:GELQ43VLZOJ
International Enterprises,Inactive,Japan,Corporate Number:JA3CUOOMALG
Prime Solutions,Active,UK,CRN:UK9XEJSSNP1
TechWorld Enterprises,Inactive,Canada,BN:CA2GO43B3ZO
Universal Enterprises,Inactive,Singapore,UEN:SIGH4Y9CBWR
Nova Exports,Inactive,Canada,BN:CAO8GHAZASV
Universal Industries,Active,Singapore,UEN:SISO090HQZT
Alpha Industries,Active,UK,CRN:UKEU245BEDF
Infinity Technologies,Inactive,Australia,ABN:AUC2PABHDD7
Infinity Enterprises,Active,Japan,Corporate Number:JAR2W6LEKKH
NextGen Industries,Inactive,Singapore,UEN:SIJ21H4HODJ
Omega Enterprises,Active,Singapore,UEN:SIE2YLMOSPX
Nova Logistics,Active,France,SIRET:FRXREE7W0WZ
NextGen Industries,Active,USA,EIN:USU1Y6IYYDM
Omega Logistics,Active,Japan,Corporate Number:JA3ID8Q59WG
Prime Solutions,Inactive,Singapore,UEN:SIT1KWWSRCJ
Alpha Logistics,Active,USA,EIN:USFL09Z31NH
NextGen Technologies,Inactive,UK,CRN:UKBN2V91EEB
Universal Solutions,Inactive,Australia,ABN:AUL88EVA2O7
Omega Solutions,Inactive,Canada,BN:CAMTXSNTINN
TechWorld Enterprises,Inactive,USA,EIN:USQEK3KB64V
International Technologies,Inactive,USA,EIN:US3ODFT8S64
Prime Enterprises,Active,Australia,ABN:AUIGWJ4UKLI
Global Industries,Active,France,SIRET:FRQJBG3CZKI
TechWorld Exports,Active,Japan,Corporate Number:JAYFHLAI561
Infinity Solutions,Inactive,UK,CRN:UK3EZ9B7X37
Nova Technologies,Inactive,Singapore,UEN:SIC83WXYI6Y
Global Solutions,Active,Japan,Corporate Number:JAL22F7A6D7
Nova Industries,Active,Singapore,UEN:SIHHREEYNE3
Nova Exports,Inactive,Germany,VAT:GEQAUEX2WAE
NextGen Technologies,Active,France,SIRET:FRBFMGGJPCO
NextGen Industries,Active,Singapore,UEN:SIKPQMEYW44
Nova Solutions,Active,Japan,Corporate Number:JALEG16652T
Infinity Enterprises,Inactive,France,SIRET:FRAJTCXA5WL
TechWorld Solutions,Inactive,Japan,Corporate Number:JAKL150F0D0
International Logistics,Active,Germany,VAT:GEE2G07JLTC
Prime Logistics,Active,Germany,VAT:GEFZG17C7FK
Nova Industries,Active,France,SIRET:FRP72RUE742
Prime Solutions,Active,Germany,VAT:GEIDHSB0O8X
Omega Logistics,Inactive,Germany,VAT:GECE548RIJV
Omega Exports,Active,Germany,VAT:GEMIEC8M32C
Omega Logistics,Inactive,USA,EIN:US1O0NCDH1O
Universal Technologies,Inactive,Australia,ABN:AUIS1G6II6B
Prime Enterprises,Inactive,UK,CRN:UKHYC4HLJ3Q
Omega Logistics,Active,Australia,ABN:AU17XA0RQJ1
Universal Exports,Inactive,France,SIRET:FRBHUVPXPRR
Nova Industries,Inactive,Japan,Corporate Number:JA28IDRJUZL
Prime Industries,Inactive,Germany,VAT:GEE6XXW0MNZ
NextGen Enterprises,Inactive,Germany,VAT:GER6GZB2KJI
Infinity Solutions,Inactive,UK,CRN:UK28A2YY084
Universal Solutions,Inactive,UK,CRN:UKO16VFFAN0
Alpha Enterprises,Active,UK,CRN:UKDOQFIECWW
Nova Technologies,Active,France,SIRET:FRN3GAK4UPW
Alpha Exports,Active,Germany,VAT:GEH9VFQDXPT
TechWorld Enterprises,Inactive,Singapore,UEN:SIZ6M5BQQVP
Nova Industries,Inactive,Japan,Corporate Number:JA7MEIIRF2D
Infinity Technologies,Inactive,USA,EIN:USY8EGBQQ3E
Nova Exports,Inactive,Australia,ABN:AU2I7MP6LHM
Alpha Enterprises,Inactive,France,SIRET:FRCTZVVYYP9
TechWorld Exports,Active,Singapore,UEN:SI9XQT5CO6V
Global Technologies,Active,USA,EIN:USCS5RU09PS
Universal Enterprises,Inactive,Australia,ABN:AUSJOP3H09S
Nova Technologies,Active,Singapore,UEN:SIQXJ5V45QW
Universal Industries,Inactive,Singapore,UEN:SILF99K33TO
Global Logistics,Inactive,France,SIRET:FRGTO4TJWH5
Universal Technologies,Inactive,Singapore,UEN:SICAC41UJRN
Prime Solutions,Inactive,France,SIRET:FRWU16GIPOL
TechWorld Industries,Inactive,Germany,VAT:GELCKVQH2PY
Prime Solutions,Inactive,USA,EIN:US2P4LLTGK0
Prime Industries,Active,Germany,VAT:GE4TMI8WA4A
Alpha Industries,Active,Japan,Corporate Number:JAS0NZY1I56
Global Logistics,Active,Singapore,UEN:SI8AD5FQ64W
Infinity Solutions,Active,Australia,ABN:AULFAC08DOY
Nova Exports,Inactive,France,SIRET:FRBQZ3E3ARS
TechWorld Industries,Active,UK,CRN:UKH7TWHO3CF
Infinity Solutions,Active,Canada,BN:CAYAXMUVO0F
Global Solutions,Inactive,USA,EIN:US6DGTU0A3L
TechWorld Enterprises,Inactive,Canada,BN:CADNNHEBVUD
Infinity Solutions,Inactive,Singapore,UEN:SIND6PYLHXB
Omega Enterprises,Active,Canada,BN:CAMHA61I5UK
NextGen Industries,Inactive,Singapore,UEN:SITIAY3XNDR
TechWorld Logistics,Active,USA,EIN:USNR3MQPY0Z
Omega Enterprises,Inactive,Singapore,UEN:SILE0AQ0TJK
TechWorld Technologies,Active,Singapore,UEN:SIBQ0NWUZ6I
Alpha Industries,Inactive,Japan,Corporate Number:JANX42BC10F
Global Solutions,Active,Canada,BN:CAFSNN9P6FH
Nova Exports,Active,Japan,Corporate Number:JAJCRVCE3IN
Global Logistics,Inactive,Japan,Corporate Number:JAOV1SDH5NY
Universal Enterprises,Inactive,France,SIRET:FRO1U7ON8SC
Universal Logistics,Active,Japan,Corporate Number:JATCOH2NQUL
International Technologies,Inactive,Singapore,UEN:SINLWOZBA32
TechWorld Logistics,Inactive,Canada,BN:CAO0YZ49KW4
Global Enterprises,Active,UK,CRN:UK78Q56CO8H
Infinity Industries,Active,France,SIRET:FRYYTWDO5UI
Prime Enterprises,Inactive,Australia,ABN:AUFGI3P2FP9
TechWorld Exports,Inactive,UK,CRN:UKYCEKGQAFL
Alpha Solutions,Inactive,Canada,BN:CAMMZV517XW
NextGen Solutions,Active,USA,EIN:US1LXBV8QYD
Prime Exports,Inactive,Japan,Corporate Number:JAFKLUX7YX1
Omega Exports,Inactive,Germany,VAT:GEKB5INIC2I
Universal Solutions,Inactive,Canada,BN:CA3DO5GR2FX
Omega Enterprises,Inactive,Australia,ABN:AUK4GRPNMVF
International Technologies,Active,Canada,BN:CAXD5C3S57P
Global Enterprises,Inactive,Australia,ABN:AUYSE71LA6N
Universal Technologies,Inactive,Singapore,UEN:SIQHSE4VN55
International Enterprises,Active,Canada,BN:CAW3RK0HUKP
NextGen Industries,Inactive,Australia,ABN:AU5NGEIS8XA
Global Technologies,Inactive,Japan,Corporate Number:JAENXY792GK
Infinity Industries,Active,UK,CRN:UKQO7XVEUW9
Prime Solutions,Active,Germany,VAT:GE5G9D1VEFU
Omega Industries,Inactive,Germany,VAT:GENEO7QS1KV
Global Enterprises,Active,Canada,BN:CAIIXF8PQPE
Universal Solutions,Active,France,SIRET:FRWVKY2MC6L
NextGen Logistics,Inactive,Canada,BN:CAZHVYBYMM4
Global Enterprises,Inactive,Germany,VAT:GECY2ZHH3BR
Universal Industries,Active,Singapore,UEN:SIQS2U5OQXE
NextGen Technologies,Inactive,France,SIRET:FRQQPZPEDMT
TechWorld Solutions,Inactive,Singapore,UEN:SIEROD9LDWX
Alpha Technologies,Inactive,Germany,VAT:GEFYCMGKJZP
Prime Solutions,Active,USA,EIN:USMFNLCZ4PP
NextGen Technologies,Inactive,USA,EIN:USQUVJSWZ5V
NextGen Logistics,Inactive,France,SIRET:FR50N91XYMI
Omega Industries,Active,France,SIRET:FR46HE7D3H7
Omega Exports,Active,USA,EIN:USVXPNLZDD9
Omega Industries,Inactive,France,SIRET:FRPOJOWLGIQ
NextGen Industries,Active,Australia,ABN:AUJW33TLSXF
Alpha Exports,Inactive,USA,EIN:US9L3GHMCCL
Prime Industries,Active,France,SIRET:FR6VTKNCBCJ
TechWorld Exports,Active,UK,CRN:UK6H48IRXBY
Omega Industries,Active,Japan,Corporate Number:JAFY426LJAY
Nova Solutions,Active,Canada,BN:CAU2FS0KWJA
Universal Logistics,Active,Japan,Corporate Number:JAH8II9HS50
Universal Logistics,Inactive,France,SIRET:FRXLZD6LX9M
Global Solutions,Inactive,France,SIRET:FR9CAVM70F8
TechWorld Solutions,Active,Singapore,UEN:SIJNWPHP4HK
Alpha Exports,Inactive,Germany,VAT:GE547KGFR4D
Global Enterprises,Active,Germany,VAT:GETK8LFFJPJ
International Enterprises,Active,France,SIRET:FRJTQ51CN7I
TechWorld Technologies,Active,Canada,BN:CALEHV9HSGX
NextGen Solutions,Active,Australia,ABN:AU1JMDLCGCT
Universal Industries,Active,UK,CRN:UK7XGDEZHWE
Omega Logistics,Active,Singapore,UEN:SI4F1JC88XB
Omega Enterprises,Active,Canada,BN:CAJY1DM3F55
Omega Industries,Inactive,Singapore,UEN:SIP7HY2H3HU
International Solutions,Inactive,Japan,Corporate Number:JA1G7QEVXSO
TechWorld Solutions,Active,Germany,VAT:GEGGNZXAQ9P
Infinity Logistics,Active,Singapore,UEN:SIOZ3TJNAFW
Infinity Exports,Active,Japan,Corporate Number:JA8F75RV63Y
Universal Solutions,Active,Japan,Corporate Number:JAH7O7VGX32
International Enterprises,Active,Australia,ABN:AU3VP3ZX0DJ
TechWorld Technologies,Active,France,SIRET:FRV8ZNXAX9Y
Global Logistics,Active,Canada,BN:CA14UU0R8WK
Prime Industries,Active,Japan,Corporate Number:JAKXA2639AO
NextGen Industries,Inactive,Singapore,UEN:SIU766P30ZX
Global Solutions,Active,Australia,ABN:AUP3VO1FU9R
Universal Technologies,Active,France,SIRET:FRUF6J0JNUY
TechWorld Solutions,Inactive,UK,CRN:UK1MX62Z8N6
TechWorld Industries,Inactive,USA,EIN:US7VIN716QI
Infinity Solutions,Inactive,Japan,Corporate Number:JAO8485EHJ5
NextGen Technologies,Active,Singapore,UEN:SIP59Z9M6F8
Global Solutions,Active,USA,EIN:US99B4FX5F7
International Technologies,Active,USA,EIN:USVI9QJ6LX3
Prime Industries,Active,Germany,VAT:GE30Y83S0AH
Universal Industries,Active,France,SIRET:FR3ZV4VOLF0
Universal Enterprises,Inactive,Japan,Corporate Number:JAUXUYUYE2Y
TechWorld Exports,Active,Singapore,UEN:SIDF8KRXDZM
Alpha Enterprises,Inactive,USA,EIN:USIIYQX913B
Global Exports,Inactive,Australia,ABN:AUGN7ITE13D
NextGen Industries,Active,UK,CRN:UK5E0YMD4RX
Nova Technologies,Active,USA,EIN:USFNU4VJ2UN
International Enterprises,Active,USA,EIN:USD7TQ3QB4I
TechWorld Technologies,Active,Australia,ABN:AU84B2CG2GJ
TechWorld Solutions,Active,Germany,VAT:GEAKFWVIW7B
Prime Solutions,Inactive,Singapore,UEN:SI308IBF0LE
Infinity Technologies,Active,France,SIRET:FRWCGYODPQ3
Prime Enterprises,Active,Japan,Corporate Number:JAL6A834U6C
Prime Logistics,Inactive,UK,CRN:UKYS3EXANX2
Nova Industries,Inactive,Canada,BN:CA5ODPE37DU
Universal Technologies,Inactive,Australia,ABN:AU7F9S95UKV
Nova Enterprises,Active,Canada,BN:CA52PC5ZKKS
TechWorld Industries,Active,France,SIRET:FRINQMVIEE5
Global Exports,Inactive,Germany,VAT:GEEIONG1I50
Infinity Solutions,Inactive,Canada,BN:CA0CPMPJDT5
NextGen Exports,Inactive,Singapore,UEN:SIU240MZMX7
Global Solutions,Inactive,Singapore,UEN:SIZ7L9F7YIY
Universal Solutions,Inactive,Singapore,UEN:SIDWM243IZV
TechWorld Solutions,Inactive,Canada,BN:CA1CYTIKGHM
Infinity Enterprises,Inactive,Australia,ABN:AU9BUD7KI3P
International Solutions,Active,Japan,Corporate Number:JA5L5U4GN9G
Infinity Solutions,Active,USA,EIN:US0ZIC9DLG7
Nova Solutions,Active,France,SIRET:FRZPHGWDYW2
Nova Industries,Inactive,UK,CRN:UKHIF8HYUIF
Nova Enterprises,Active,UK,CRN:UKY5XWXFRD7
Universal Solutions,Active,USA,EIN:US46RQ4TV28
TechWorld Technologies,Active,Canada,BN:CAY1A8IYZOK
TechWorld Technologies,Inactive,Japan,Corporate Number:JADK6QNORHS
Global Exports,Active,Japan,Corporate Number:JA6QOPZ6U96
TechWorld Industries,Inactive,Australia,ABN:AU1H2I903MY
Infinity Technologies,Inactive,Japan,Corporate Number:JARPT3LWGGE
Nova Industries,Active,UK,CRN:UKF4UJOPRMO
TechWorld Industries,Inactive,Singapore,UEN:SIBPHLN2SZJ
Infinity Logistics,Active,UK,CRN:UKZ61N0JZNU
Global Industries,Active,France,SIRET:FRW8ZZDQTU9
Universal Logistics,Active,Singapore,UEN:SIW8UO8S6DM
Omega Solutions,Inactive,Singapore,UEN:SI0MH5FMUUL
Prime Exports,Inactive,Germany,VAT:GEP3BYUYSHC
Universal Logistics,Inactive,France,SIRET:FRID3UE2CQG
Alpha Industries,Inactive,Japan,Corporate Number:JAJUQCDY6IW
Infinity Exports,Inactive,Singapore,UEN:SIEXF1VVM3W
TechWorld Industries,Inactive,Singapore,UEN:SI4W0VASRM7
Alpha Industries,Active,Japan,Corporate Number:JAPBXXM0A9T
Nova Solutions,Inactive,France,SIRET:FRMMNPGUPRV
Nova Industries,Active,UK,CRN:UKQQJS8SO4Y
Infinity Enterprises,Active,France,SIRET:FRSFSGUOK5U
Infinity Technologies,Inactive,USA,EIN:USE98I1W0PX
Omega Technologies,Active,Germany,VAT:GETJ0HAV03P
TechWorld Solutions,Active,Canada,BN:CAR0FAS2MHO
Prime Exports,Inactive,France,SIRET:FRZ6CCGB1K1
TechWorld Solutions,Inactive,France,SIRET:FREAQUNXUWD
International Logistics,Inactive,Singapore,UEN:SIPSZHU571O
NextGen Enterprises,Inactive,Australia,ABN:AUP5E2PH5IL
Global Technologies,Active,UK,CRN:UKGAN74R49E
Omega Exports,Active,Singapore,UEN:SILXHGJEY1J
Omega Enterprises,Inactive,Japan,Corporate Number:JAUUMLMHPH6
Omega Solutions,Inactive,USA,EIN:USARZML8F59
International Enterprises,Inactive,Japan,Corporate Number:JA94MPDECG8
NextGen Industries,Inactive,France,SIRET:FRDSM5UDL1G
Alpha Enterprises,Active,Germany,VAT:GEB2BE0SA35
NextGen Solutions,Active,Canada,BN:CAU9LA8BA4E
Global Exports,Inactive,Canada,BN:CABK321PEB8
TechWorld Industries,Inactive,Australia,ABN:AUGJEFPG3FU
Prime Solutions,Inactive,Singapore,UEN:SIFJYFUHTQE
Universal Technologies,Active,France,SIRET:FRWWS3VLQVO
Infinity Technologies,Inactive,Canada,BN:CAPZOCYO8R3
Infinity Industries,Active,Germany,VAT:GEYIMQCY43D
TechWorld Solutions,Active,Canada,BN:CA9BFT1RWJG
International Exports,Inactive,France,SIRET:FRDQ7ZY0MLX
International Industries,Inactive,Canada,BN:CAWLVA0Z69P
Prime Enterprises,Inactive,France,SIRET:FRQFNKEOP55
TechWorld Enterprises,Active,Germany,VAT:GEVYRDPBM0W
International Technologies,Inactive,Australia,ABN:AUTNQ0UYCBN
Nova Logistics,Inactive,USA,EIN:USAIETWQB8O
International Logistics,Active,France,SIRET:FRX316ZPVU2
Prime Logistics,Active,UK,CRN:UK4QSVO1Z0Q
TechWorld Logistics,Inactive,UK,CRN:UKMXT988C5X
Alpha Industries,Inactive,USA,EIN:US4D7A4NGQT
Infinity Exports,Inactive,USA,EIN:US9QUEB3DS6
Universal Exports,Inactive,USA,EIN:US5QS6CEIVR
Alpha Logistics,Active,Germany,VAT:GEF5K4QOR0D
Global Solutions,Inactive,Germany,VAT:GE6L4Q2AJ19
Alpha Technologies,Inactive,Singapore,UEN:SIPVXC7QQX5
Universal Enterprises,Inactive,Germany,VAT:GECOK5TI6DF
Global Solutions,Inactive,Singapore,UEN:SIIGM6H2DEW
TechWorld Industries,Active,Germany,VAT:GEG1AKUEYO4
Universal Solutions,Inactive,France,SIRET:FR091DCORRO
Prime Industries,Active,France,SIRET:FR3FBM24VEW
Global Industries,Inactive,Australia,ABN:AUZF0FLFPVZ
Nova Exports,Active,USA,EIN:USIQ57OTU2T
Nova Solutions,Inactive,Canada,BN:CA9NU8ZWFC2
Omega Industries,Inactive,UK,CRN:UKJ82236SUT
Omega Industries,Active,Canada,BN:CANUGAHMU8Y
Alpha Exports,Active,Australia,ABN:AU6L47BV3VZ
TechWorld Enterprises,Inactive,UK,CRN:UKS6LOQMD65
Global Solutions,Inactive,Australia,ABN:AUVPBFT9LT6
TechWorld Technologies,Active,Germany,VAT:GEKI7JIIFVI
Global Technologies,Active,Singapore,UEN:SIO6NB9P6IO
Nova Solutions,Inactive,Canada,BN:CAFHYRZQK54
Infinity Exports,Inactive,USA,EIN:USGH67G6FTQ
Nova Logistics,Active,Singapore,UEN:SIYM48TAZ9D
International Logistics,Active,UK,CRN:UK1CVC9KS2Y
Global Solutions,Inactive,Australia,ABN:AU9428JVB5Y
Infinity Solutions,Inactive,UK,CRN:UK4JG1WRU2O
NextGen Logistics,Active,Germany,VAT:GEPOS1YLGUN
Universal Enterprises,Inactive,UK,CRN:UKAQITPM73R
International Industries,Active,USA,EIN:US2R4RVHZNZ
International Solutions,Inactive,France,SIRET:FRPM4L7K33L
Universal Industries,Inactive,France,SIRET:FRGTTHVH239
Omega Exports,Active,Canada,BN:CALDU9FKVGC
Nova Technologies,Active,Australia,ABN:AULC85K3260
TechWorld Solutions,Active,Canada,BN:CAD8S8CGCB6
Global Exports,Inactive,France,SIRET:FR92GYCP3YQ
TechWorld Technologies,Inactive,Australia,ABN:AUV3YYRJ9O8
Universal Technologies,Inactive,France,SIRET:FRLSC89Z61N
NextGen Exports,Active,Germany,VAT:GE5SXPDQHE5
NextGen Technologies,Inactive,Canada,BN:CAGTERMTNPV
Universal Logistics,Inactive,Japan,Corporate Number:JAEGLI5V1BG
International Logistics,Inactive,Australia,ABN:AUI67JCF3FK
Nova Industries,Active,Canada,BN:CA26WT6ZRIE
Infinity Industries,Active,France,SIRET:FRRN5LVOQX3
Infinity Logistics,Inactive,Canada,BN:CAF99JVMK38
Omega Enterprises,Inactive,Germany,VAT:GE439U8JX14
Universal Solutions,Inactive,Canada,BN:CAYUTB6RAXE
Universal Industries,Inactive,France,SIRET:FRGIQIOU4Z5
Alpha Solutions,Inactive,Singapore,UEN:SIRJUAZWUO1
Infinity Technologies,Active,Singapore,UEN:SIKBAOZIV44
Prime Industries,Active,Germany,VAT:GEZBJ5H0Z40
NextGen Solutions,Inactive,Australia,ABN:AUC9GPVJXHG
Infinity Exports,Inactive,Germany,VAT:GELU6AOG8B8
Global Exports,Inactive,USA,EIN:USJX3PBSIMZ
Infinity Logistics,Inactive,USA,EIN:US2W926GR5D
Alpha Logistics,Active,USA,EIN:USRSF1OY9AO
TechWorld Exports,Active,Singapore,UEN:SIF18WPQ2S3
Prime Technologies,Active,Germany,VAT:GEUYL5XEV7H
Omega Solutions,Active,USA,EIN:USWW2VOF6SE
Nova Solutions,Active,France,SIRET:FRJWRKGMYHS
Infinity Logistics,Inactive,Germany,VAT:GEDZ77TBB0Z
TechWorld Industries,Active,Germany,VAT:GE4MLYDOION
Nova Industries,Inactive,Germany,VAT:GEQSW57ABJL
International Solutions,Inactive,Canada,BN:CAGGQ2OX4EY
Alpha Solutions,Inactive,Canada,BN:CAKMTCOMF26
Omega Technologies,Inactive,Japan,Corporate Number:JA58SA2C0H2
Nova Industries,Inactive,Japan,Corporate Number:JA05HE6SJD5
Universal Industries,Active,France,SIRET:FR155PXYE3O
NextGen Solutions,Active,France,SIRET:FRGNUA6W8FA
Prime Logistics,Inactive,Canada,BN:CA28P3WMMT2
Nova Exports,Inactive,Canada,BN:CA4I58XG7U8
TechWorld Technologies,Active,UK,CRN:UKGX8SLSDL7
Alpha Enterprises,Inactive,UK,CRN:UKVUW53Z4KD
Infinity Exports,Active,Canada,BN:CA08FH6XET8
Global Enterprises,Inactive,Germany,VAT:GET2MMJEQKJ
Omega Solutions,Inactive,USA,EIN:US5974NQYVS
Infinity Technologies,Active,France,SIRET:FRIQT7LULWV
Alpha Exports,Active,UK,CRN:UKCQ2BN7TTD
Global Solutions,Active,France,SIRET:FRJU08JF5T2
International Technologies,Active,Singapore,UEN:SIYBWRD3DUC
NextGen Exports,Inactive,Australia,ABN:AUTRF8ODY66
Alpha Technologies,Inactive,Canada,BN:CAKKHLW5T16
Alpha Technologies,Inactive,USA,EIN:US2ZF984YMC
Omega Solutions,Inactive,UK,CRN:UKQ4XUPQZTK
Infinity Exports,Inactive,Canada,BN:CAWNOXLYDGW
Alpha Exports,Inactive,Singapore,UEN:SI8EYR8QX80
Infinity Enterprises,Inactive,Australia,ABN:AUDLXVGISAS
Infinity Technologies,Active,Australia,ABN:AUK91ZWFGZ2
Omega Industries,Active,Singapore,UEN:SI1ZFPY72UX
Nova Exports,Inactive,UK,CRN:UKL6OLFKBDQ
Nova Logistics,Inactive,UK,CRN:UK8EFJQBTS2
Nova Technologies,Inactive,Canada,BN:CADO10Y4ME4
Omega Exports,Active,UK,CRN:UKGPUTPEIXD
Omega Industries,Active,Japan,Corporate Number:JATF2Y5DFSX
Omega Logistics,Active,Singapore,UEN:SIFP5DM34KE
Infinity Industries,Active,France,SIRET:FR1ULS5BA2B
TechWorld Industries,Active,Japan,Corporate Number:JAMNH55ZB5X
Global Logistics,Active,Canada,BN:CA2RC5JOCAN
Global Technologies,Inactive,Germany,VAT:GEF8D15W0GG
NextGen Enterprises,Active,Japan,Corporate Number:JAMS4MKL3A7
Infinity Logistics,Active,Australia,ABN:AU4BMBWJB6R
Alpha Enterprises,Inactive,Canada,BN:CA0ERL71U4I
Nova Enterprises,Active,Singapore,UEN:SIKS3O1FVQF
International Logistics,Active,Germany,VAT:GE8DFKWIST6
Nova Logistics,Active,Singapore,UEN:SIOYZVEY1RD
Infinity Enterprises,Inactive,USA,EIN:USTWQ4UPS94
International Industries,Active,Japan,Corporate Number:JAQWXEUL9OY
Nova Enterprises,Active,Canada,BN:CA7256QKD6F
TechWorld Solutions,Inactive,France,SIRET:FRE2OZBOTKS
Universal Logistics,Active,Japan,Corporate Number:JA8YZD7JINI
Alpha Exports,Inactive,France,SIRET:FRSSY7HGAY6
International Industries,Active,Germany,VAT:GE5QQGVW7CY
NextGen Technologies,Inactive,Germany,VAT:GE16950ACM5
TechWorld Enterprises,Active,France,SIRET:FRBMALRVIPI
Alpha Solutions,Inactive,UK,CRN:UK2710S126C
TechWorld Technologies,Active,France,SIRET:FR80MZZD363
Prime Enterprises,Inactive,Australia,ABN:AUW1CR5AB5W
Alpha Industries,Inactive,Singapore,UEN:SI6ZUNH999Q
Global Industries,Active,Japan,Corporate Number:JAIXSRMOAJK
NextGen Enterprises,Inactive,Canada,BN:CAHZG8Y5MOY
Alpha Industries,Active,Canada,BN:CA80K17WYUQ
International Solutions,Active,USA,EIN:USR352RA9W3
Infinity Technologies,Active,Singapore,UEN:SI0PB008PM4
Global Industries,Inactive,France,SIRET:FR152HLI8FN
Universal Enterprises,Inactive,Canada,BN:CASZJ4OCMAG
Alpha Industries,Active,UK,CRN:UKLVLTR944A
Universal Solutions,Inactive,Canada,BN:CAPACY7RITA
Prime Logistics,Inactive,UK,CRN:UKJ2BA1FBYM
Infinity Enterprises,Inactive,Singapore,UEN:SI18BYJ38WS
NextGen Industries,Active,Japan,Corporate Number:JAKSQJMIZIS
International Solutions,Active,USA,EIN:USCPEP9QSQS
Infinity Enterprises,Inactive,Australia,ABN:AUBFGIF9CSF
International Exports,Active,Singapore,UEN:SIK7SU8UHUU
Omega Exports,Active,Australia,ABN:AUOMU45V888
NextGen Exports,Active,USA,EIN:USYLD6K6XND
Nova Solutions,Inactive,Japan,Corporate Number:JAVWGB8YP1A
Infinity Technologies,Inactive,Singapore,UEN:SIUP6HPTMO4
TechWorld Technologies,Active,USA,EIN:USM6KYE0J41
Alpha Solutions,Inactive,Australia,ABN:AUOMO2BKDWM
Nova Exports,Active,Singapore,UEN:SIRHFL6FYST
International Solutions,Inactive,Singapore,UEN:SIBPA2NORTK
TechWorld Enterprises,Inactive,UK,CRN:UKIR0ZLYFEI
Alpha Industries,Active,Australia,ABN:AU9A8KUAB8T
Omega Enterprises,Active,France,SIRET:FR7HO0DL4RK
Nova Solutions,Active,Singapore,UEN:SIR6GK17Y6P
International Technologies,Active,USA,EIN:USKEOMJCLK1
TechWorld Solutions,Active,Australia,ABN:AULPBUXVSLG
International Industries,Active,Singapore,UEN:SI59GHMBS92
Prime Technologies,Inactive,France,SIRET:FRBBPRNN0UH
International Industries,Active,Singapore,UEN:SI31X81NPMT
International Industries,Inactive,Japan,Corporate Number:JAVEQPP34K9
Infinity Industries,Active,Germany,VAT:GENRF9MUEJO
Omega Enterprises,Inactive,Japan,Corporate Number:JASRQUX6LR5
Global Logistics,Inactive,Germany,VAT:GEMTSRGWR8D
Omega Logistics,Active,UK,CRN:UKJKHCMB3YG
Nova Exports,Active,Singapore,UEN:SINBZPLUFER
International Technologies,Active,Singapore,UEN:SICF5CIP72L
Omega Enterprises,Inactive,Japan,Corporate Number:JA7RW2JCY4T
TechWorld Industries,Inactive,France,SIRET:FRRI7J3ZYG2
NextGen Technologies,Inactive,UK,CRN:UKLQ5KAFZ96
NextGen Exports,Active,Australia,ABN:AUWY9FK4N81
Prime Exports,Active,Japan,Corporate Number:JAX6X477MV5
Omega Industries,Inactive,Japan,Corporate Number:JAF1CA4E8XD
Omega Solutions,Active,Germany,VAT:GEXWIGCW69V
Prime Technologies,Active,USA,EIN:USW63U7GPOI
Prime Technologies,Inactive,Singapore,UEN:SID99U9U6LM
Omega Enterprises,Active,UK,CRN:UKR1W1K64OP
NextGen Enterprises,Inactive,Australia,ABN:AUWCKO9ZJG5
NextGen Technologies,Active,Australia,ABN:AUQKGHFXY75
Nova Exports,Inactive,France,SIRET:FRIRQEVFHJE
Global Enterprises,Active,France,SIRET:FRS9S0NO68D
NextGen Technologies,Inactive,Germany,VAT:GE3X6677CDS
Omega Exports,Inactive,USA,EIN:USKU5PPKA3G
Omega Exports,Active,Canada,BN:CAHRUCBHBMY
Omega Technologies,Inactive,Japan,Corporate Number:JA50ABN0IWI
Universal Exports,Inactive,France,SIRET:FR6YHYBHZTY
TechWorld Enterprises,Inactive,Singapore,UEN:SI6KMO65L7O
Global Solutions,Active,Canada,BN:CA1AH7ZAT4H
TechWorld Solutions,Active,Canada,BN:CA8HSN6RSAR
Infinity Exports,Active,USA,EIN:USO89KEUGWQ
Omega Solutions,Active,Singapore,UEN:SIYPTDONC0N
Prime Technologies,Inactive,Japan,Corporate Number:JAU8SX7O5C6
Universal Industries,Inactive,UK,CRN:UK2R1VU48IM
Infinity Enterprises,Inactive,Canada,BN:CA0W3NYC6I0
TechWorld Exports,Inactive,Canada,BN:CANGX0NPIU0
Prime Exports,Inactive,UK,CRN:UKTOHA6BWUT
NextGen Logistics,Active,Canada,BN:CA3RR1UZWFL
NextGen Logistics,Inactive,Singapore,UEN:SIY0ZS0XZVS
Global Industries,Active,Singapore,UEN:SIQQ0OSKD8S
Infinity Industries,Inactive,UK,CRN:UKLDARLXLSO
Omega Industries,Active,UK,CRN:UKG6YSNY1NZ
Alpha Industries,Active,Japan,Corporate Number:JATHRXEP7BG
Infinity Solutions,Inactive,Germany,VAT:GEZFANJCR01
Nova Exports,Inactive,Canada,BN:CA2VGC566B8
International Industries,Inactive,Germany,VAT:GET55N0QX1W
Global Industries,Active,Singapore,UEN:SIUPJJDDEG4
Global Exports,Inactive,Australia,ABN:AUKYL4S1312
TechWorld Industries,Active,Canada,BN:CA1F06MWRII
Alpha Enterprises,Active,Australia,ABN:AUZQ3CJBMOZ
Universal Technologies,Inactive,Australia,ABN:AUC28QG8T44
NextGen Industries,Active,Canada,BN:CANVUNRBVLC
Nova Exports,Active,USA,EIN:USNO2Y3MBZS
Alpha Exports,Inactive,USA,EIN:USWEL986S1X
Universal Industries,Inactive,USA,EIN:USIY8N2TOGG
Nova Logistics,Inactive,Germany,VAT:GERFU6ORNUA
International Technologies,Active,Japan,Corporate Number:JARQDP9FL3J
Nova Industries,Active,Singapore,UEN:SI8R118SMM3
Infinity Enterprises,Active,Japan,Corporate Number:JA8UXK19EUU
TechWorld Solutions,Active,UK,CRN:UK9DEGB2HLU
NextGen Technologies,Active,Japan,Corporate Number:JAM8VMID7UP
TechWorld Enterprises,Active,UK,CRN:UKO0JWX8GRE
Omega Industries,Inactive,UK,CRN:UK49Z8XF6ZM
Alpha Industries,Inactive,USA,EIN:USYWV43OT95
Prime Industries,Active,Canada,BN:CATTMKNKNED
Alpha Logistics,Inactive,Japan,Corporate Number:JASIPHRTAL4
International Solutions,Inactive,UK,CRN:UKOWSP46O4I
Nova Industries,Inactive,Japan,Corporate Number:JAKB0O2NP2L
NextGen Enterprises,Active,USA,EIN:USDV788E9GY
Universal Exports,Active,Singapore,UEN:SIXBQH1SGSS
Alpha Exports,Active,Japan,Corporate Number:JANPLFSHNG2
Nova Exports,Inactive,Singapore,UEN:SIQ6BGEX3YC
NextGen Logistics,Inactive,Australia,ABN:AU7SHB7SJNN
Universal Technologies,Inactive,Singapore,UEN:SIHX0914RC8
Prime Technologies,Active,USA,EIN:USD9T93IC5Y
Omega Solutions,Inactive,Germany,VAT:GEMN8I2GBW6
Alpha Industries,Active,UK,CRN:UKC6AJF8UPA
Omega Exports,Active,Canada,BN:CAN142I56K1
NextGen Enterprises,Inactive,Canada,BN:CA3NQC9HGZP
Prime Exports,Inactive,Canada,BN:CAI3AP1BH5V
Universal Industries,Active,Germany,VAT:GEIG32RZOXM
Alpha Technologies,Active,Canada,BN:CAPK6XTC467
Infinity Enterprises,Inactive,Australia,ABN:AU75UHSP1RU
TechWorld Solutions,Active,France,SIRET:FRA6V4U8957
Alpha Exports,Active,Japan,Corporate Number:JAX66LL56K9
TechWorld Industries,Inactive,France,SIRET:FR2TAX8OL4D
Global Industries,Inactive,Singapore,UEN:SIL18UATK8H
Omega Exports,Inactive,USA,EIN:USY4U7OA3F0
TechWorld Logistics,Active,UK,CRN:UKE2YF6MMGI
NextGen Technologies,Inactive,Australia,ABN:AU6U1D1XLI6
International Solutions,Inactive,Germany,VAT:GE0U7X19RIL
Infinity Logistics,Active,Australia,ABN:AU7RPJSBIAR
Omega Technologies,Inactive,Singapore,UEN:SI42ETRVZT0
Global Exports,Inactive,Canada,BN:CAW9OR31JCP
TechWorld Industries,Inactive,Japan,Corporate Number:JAO32ZYJ9BT
Alpha Enterprises,Inactive,Germany,VAT:GEM5STCEZJM
Nova Logistics,Inactive,UK,CRN:UKXO471SMUS
Alpha Industries,Inactive,UK,CRN:UKIDW3KAVZV
Prime Logistics,Active,UK,CRN:UKSGHYSAQQF
Alpha Technologies,Inactive,Japan,Corporate Number:JAYPUPK93AA
Infinity Industries,Inactive,Canada,BN:CAN276CVDZ5
NextGen Exports,Active,UK,CRN:UK6F9AYHW4W
International Enterprises,Active,Australia,ABN:AUUJSW4SQCT
Global Solutions,Active,Singapore,UEN:SICHYUPDLHW
Global Industries,Inactive,Singapore,UEN:SIW3TCE9Y0O
Infinity Solutions,Inactive,Australia,ABN:AURKM9PQ49B
Prime Exports,Active,Germany,VAT:GE0XENWV8HG
International Enterprises,Active,Canada,BN:CAY4YOGTJ1N
International Logistics,Active,USA,EIN:USPHBBH32IG
Prime Exports,Active,France,SIRET:FRMVNT98IQ8
Prime Enterprises,Active,France,SIRET:FR1QXXELAQH
Global Logistics,Inactive,Australia,ABN:AUW84L6UVH7
Global Enterprises,Inactive,Canada,BN:CAN44LXSAOA
Prime Exports,Active,USA,EIN:USY1WC437EK
NextGen Logistics,Inactive,UK,CRN:UK7FVII5CGY
Alpha Technologies,Active,Singapore,UEN:SIPFVWKA4ER
Omega Enterprises,Active,France,SIRET:FR2B4DAVFAR
International Industries,Inactive,Australia,ABN:AUCFHQFIHEO
Universal Logistics,Active,Canada,BN:CA5UTPMSW26
Alpha Logistics,Inactive,Singapore,UEN:SIX9XOVBGIH
Prime Industries,Inactive,France,SIRET:FR6TJM610F8
NextGen Enterprises,Active,France,SIRET:FR9OWAXOHXY
Alpha Logistics,Active,Singapore,UEN:SIS3L7NR2BE
TechWorld Logistics,Inactive,Australia,ABN:AUEICTDQK9B
Infinity Enterprises,Inactive,France,SIRET:FR7EZODHPP1
Universal Technologies,Active,Japan,Corporate Number:JANPTON6MUW
NextGen Solutions,Active,Singapore,UEN:SI9BTH0KRZI
Prime Enterprises,Active,UK,CRN:UK4KL2SYS8D
International Technologies,Active,Canada,BN:CAI6R7ZNW5U
TechWorld Technologies,Active,France,SIRET:FRWUJG01UZZ
Prime Technologies,Active,Japan,Corporate Number:JAJI9JG5AJR
Global Logistics,Active,Canada,BN:CAMMM2C523C
Infinity Technologies,Inactive,Australia,ABN:AUGS51V09KE
International Enterprises,Inactive,Singapore,UEN:SIEZ2VHSQK3
International Industries,Active,France,SIRET:FRPOBYKU20K
International Solutions,Active,France,SIRET:FRD7P75HYFQ
Nova Technologies,Active,UK,CRN:UKWO9ZY5B0U
Alpha Industries,Active,Canada,BN:CANE63DJMTK
International Enterprises,Active,Singapore,UEN:SIVLAVDJE8V
International Exports,Active,France,SIRET:FRVY55ONPJ6
Universal Logistics,Inactive,Singapore,UEN:SI5U9UKPHV3
TechWorld Solutions,Inactive,UK,CRN:UKQR13GMS3P
TechWorld Industries,Inactive,UK,CRN:UK53IAWOG3R
Infinity Industries,Active,Australia,ABN:AU2PC6NYD3X
Omega Technologies,Inactive,Canada,BN:CA9R4CRJJPX
Infinity Exports,Inactive,Singapore,UEN:SIC0SKIKIM5
Omega Industries,Inactive,UK,CRN:UKI01L7D692
Prime Enterprises,Active,Australia,ABN:AUYJPCFXUDK
TechWorld Industries,Active,Singapore,UEN:SIYGB0TPJWA
Alpha Solutions,Inactive,France,SIRET:FR56OPUSR0W
NextGen Technologies,Active,Japan,Corporate Number:JA7FJNX8FO2
TechWorld Logistics,Inactive,USA,EIN:USKB0GAL0I3
Nova Technologies,Active,USA,EIN:US2ZC5B3JM5
Omega Logistics,Active,UK,CRN:UKT8TBK7JG5
Alpha Exports,Active,Singapore,UEN:SI0VBMX2ZOW
Alpha Logistics,Inactive,Australia,ABN:AURJEZBHL2K
Omega Enterprises,Active,Canada,BN:CACR7QCOGBO
Global Solutions,Active,France,SIRET:FRWSJ7DTBSX
TechWorld Solutions,Inactive,Canada,BN:CANX5PTCZD3
Prime Exports,Active,UK,CRN:UK26OJO4TJI
International Technologies,Inactive,Australia,ABN:AUUQA6LUIRW
International Enterprises,Inactive,UK,CRN:UKS0H8HPVPY
Infinity Technologies,Inactive,Singapore,UEN:SIBLUJE3GEP
TechWorld Solutions,Inactive,UK,CRN:UK6ZJ73QV3H
Prime Enterprises,Inactive,Japan,Corporate Number:JAS5ZOIMRAQ
Infinity Exports,Active,Singapore,UEN:SIBW7TQMMI7
Global Industries,Inactive,UK,CRN:UK6F4AJP1O4
NextGen Exports,Inactive,UK,CRN:UKN6UIGA4VB
Nova Enterprises,Active,Japan,Corporate Number:JAEM58YBZ31
Prime Technologies,Inactive,France,SIRET:FRA5PX49VNT
NextGen Solutions,Active,Canada,BN:CAKWN7GHM9D
Prime Industries,Active,Canada,BN:CAXK4J87L45
International Technologies,Inactive,France,SIRET:FRY3MIFA3FN
International Enterprises,Active,Japan,Corporate Number:JA52R4IF248
Prime Enterprises,Active,USA,EIN:USEW77JT6UI
Nova Exports,Inactive,Australia,ABN:AU869QKWDIO
Global Solutions,Inactive,UK,CRN:UK57ZI88WXX
NextGen Industries,Inactive,Singapore,UEN:SIRBGV8NB6U
Global Exports,Active,France,SIRET:FR2F4QXG7FU
Nova Industries,Inactive,UK,CRN:UK9ZRSUIZY1
Alpha Solutions,Inactive,Canada,BN:CA4SPLMF0ZK
NextGen Technologies,Active,Japan,Corporate Number:JAEKOSAVSDZ
Nova Logistics,Active,Germany,VAT:GEQ8FJPV0TR
Universal Solutions,Inactive,UK,CRN:UKFU2T3BMX7
NextGen Technologies,Inactive,Japan,Corporate Number:JAQ595XUFN9
TechWorld Technologies,Active,UK,CRN:UK3MQNWM0TY
Infinity Enterprises,Inactive,Germany,VAT:GEHBU9TV6OV
NextGen Logistics,Inactive,Japan,Corporate Number:JA7WQEWQ2MQ
Infinity Solutions,Inactive,Singapore,UEN:SIIZY0TDT39
NextGen Industries,Active,Singapore,UEN:SISDNYI21UC
Prime Logistics,Inactive,UK,CRN:UKFP2PF9K9T
Infinity Technologies,Active,Australia,ABN:AU9BW6SPBP6
TechWorld Technologies,Active,Australia,ABN:AU9NJODGS9G
TechWorld Enterprises,Inactive,Germany,VAT:GE7BVPRCLYC
Infinity Solutions,Active,Singapore,UEN:SIEQ3YX7GUZ
NextGen Industries,Inactive,Australia,ABN:AUMDAYOAOGX
Nova Logistics,Active,Singapore,UEN:SIGZZTQVA1C
Global Logistics,Inactive,Australia,ABN:AU62CEZOFEW
Infinity Logistics,Active,USA,EIN:US4YLKO9LL6
International Logistics,Active,UK,CRN:UKMY0OW39X6
Alpha Exports,Inactive,Australia,ABN:AULPXQ183BO
Global Exports,Inactive,UK,CRN:UKZFKYN8U1V
Nova Solutions,Inactive,Singapore,UEN:SI47GP2XD4O
Alpha Exports,Active,Japan,Corporate Number:JAKBB3PE3OX
TechWorld Industries,Inactive,Australia,ABN:AUIQRI294BJ
Infinity Solutions,Active,USA,EIN:US1P2SDW464
Prime Industries,Inactive,Australia,ABN:AU2TZ9DJWB9
Omega Industries,Active,Germany,VAT:GE1ZENHCY55
International Technologies,Active,Canada,BN:CA68HW7VUMG
TechWorld Industries,Inactive,Canada,BN:CA56VCWCJ34
Universal Logistics,Inactive,France,SIRET:FRWU925EYUC
TechWorld Exports,Active,France,SIRET:FRW5S1J2RM3
Universal Technologies,Inactive,Australia,ABN:AUJ3MJ8RW0F
Prime Logistics,Active,Germany,VAT:GEFD7L3RN09
Prime Enterprises,Active,Australia,ABN:AUWLS8UHOTP
Prime Solutions,Inactive,UK,CRN:UKIQPD6EVP7
Universal Enterprises,Inactive,Australia,ABN:AU5GGGG05C7
TechWorld Solutions,Inactive,Singapore,UEN:SIWM5NJM5V0
Universal Solutions,Active,Canada,BN:CA298XK3U7R
NextGen Logistics,Active,Germany,VAT:GEH5IRFKMNF
Global Industries,Inactive,UK,CRN:UK4EJQN5RPC
Global Exports,Inactive,Japan,Corporate Number:JA1JJZPVX0L
Nova Enterprises,Inactive,UK,CRN:UK6LDCLME96
Prime Logistics,Active,Australia,ABN:AUJCMU1KLPH
Universal Enterprises,Active,Canada,BN:CAQ98Q01ZLH
International Technologies,Active,UK,CRN:UKFRSHPUU8J
Global Enterprises,Active,Australia,ABN:AUVG4U6L4MZ
Universal Technologies,Inactive,UK,CRN:UKGKS8WPR3R
Universal Technologies,Inactive,USA,EIN:US1Y71K6NVB
International Solutions,Active,Germany,VAT:GEPQLDIVH2T
NextGen Technologies,Inactive,USA,EIN:USIRC7RIAHE
Prime Exports,Inactive,UK,CRN:UK384BY988U
Infinity Solutions,Active,UK,CRN:UKSGYBQ8OVJ
Infinity Solutions,Active,UK,CRN:UKGS4KTPTOD
NextGen Industries,Inactive,USA,EIN:USBJF7JCR4N
TechWorld Enterprises,Active,Germany,VAT:GE1UDVV0N5M
Prime Solutions,Inactive,Canada,BN:CARWIL3354E
Nova Solutions,Active,Canada,BN:CA9W0VFMMH2
Alpha Logistics,Inactive,Australia,ABN:AU1WNKQ0LOT
International Exports,Inactive,Australia,ABN:AUBIDXFFA3K
Prime Enterprises,Active,Japan,Corporate Number:JAM0Q0FWVUR
Universal Logistics,Active,Singapore,UEN:SIYEKBI9R01
Global Industries,Inactive,Australia,ABN:AU6WP8DKXJI
TechWorld Industries,Inactive,Canada,BN:CA2CR064S4N
NextGen Enterprises,Inactive,USA,EIN:USP23ZN1NCA
Omega Solutions,Inactive,Singapore,UEN:SI4XVC36PPS
Alpha Solutions,Inactive,Australia,ABN:AUEU8PKVCFW
Infinity Exports,Active,USA,EIN:US8BPZOXQZ9
Alpha Exports,Active,Germany,VAT:GE8MJQSOCME
Infinity Solutions,Active,France,SIRET:FRU5F521AY6
Omega Logistics,Active,Japan,Corporate Number:JAPWZ156SQ7
Universal Technologies,Active,France,SIRET:FR6NRGPZPVF
TechWorld Industries,Inactive,France,SIRET:FRP2LNLW15W
Universal Exports,Active,Australia,ABN:AUEW9QODNA3
Universal Technologies,Inactive,Japan,Corporate Number:JA9ZRJR64Y7
Universal Enterprises,Active,Canada,BN:CAQZPQ8XDXN
Global Technologies,Inactive,UK,CRN:UKUF5AN91Z8
Infinity Logistics,Active,Canada,BN:CAV4SCZE1DW
Prime Solutions,Inactive,Singapore,UEN:SI6BH4CKDFY
Universal Technologies,Active,Japan,Corporate Number:JAHWT2UFNRH
Nova Logistics,Inactive,Australia,ABN:AUA6VYADNR7
International Enterprises,Active,France,SIRET:FRJVLPC4IIA
Alpha Solutions,Active,Germany,VAT:GEWSSYGRIAD
Global Logistics,Inactive,UK,CRN:UK1IFWQQ4I8
Universal Industries,Active,Canada,BN:CA5WW4RHK4L
Universal Enterprises,Inactive,Canada,BN:CAKR9W6GINS
Omega Logistics,Active,USA,EIN:USTOU3VBWPL
Global Logistics,Active,UK,CRN:UKBE5KMHSLH
Nova Logistics,Inactive,Australia,ABN:AUWX5IV5DQG
International Exports,Inactive,Australia,ABN:AU3RMDJ6TWI
Omega Enterprises,Inactive,Canada,BN:CAOK808IP0S
Global Industries,Inactive,Germany,VAT:GEME7SP67GM
Alpha Solutions,Active,Japan,Corporate Number:JAOPCX9Y5PH
Omega Industries,Inactive,UK,CRN:UKO5LRAG3R0
TechWorld Logistics,Active,Singapore,UEN:SIS9U60B0ET
NextGen Enterprises,Inactive,Japan,Corporate Number:JAAV5EQ3X6X
Infinity Solutions,Inactive,France,SIRET:FRFVTK32PZ9
Global Exports,Inactive,UK,CRN:UK06LVQLQZK
NextGen Solutions,Inactive,USA,EIN:USWVAS8QE94
Prime Solutions,Inactive,UK,CRN:UK1JT52HZ4Q
International Exports,Inactive,Japan,Corporate Number:JAHVSH3QEKI
Omega Industries,Active,UK,CRN:UKBWHFXJAT9
Omega Exports,Active,Germany,VAT:GE50CV7RD5Z
Universal Solutions,Active,USA,EIN:USU9P61UZAJ
International Exports,Active,France,SIRET:FRHHXF7DCYY
Universal Enterprises,Inactive,Germany,VAT:GET29VSQPTB
NextGen Exports,Inactive,USA,EIN:USFVUUSDPG0
Universal Exports,Inactive,Japan,Corporate Number:JAA8CIJUTKV
International Solutions,Inactive,Japan,Corporate Number:JAORH7K2VR9
TechWorld Industries,Active,Australia,ABN:AUODSUM5BF8
Infinity Industries,Inactive,UK,CRN:UKXOM6C1WL4
Omega Technologies,Active,France,SIRET:FRDK1BMYDDG
Alpha Industries,Inactive,Germany,VAT:GEHZVH8I9TF
Global Logistics,Inactive,Australia,ABN:AUTFGH27ZIU
Universal Exports,Active,Germany,VAT:GEE4WLE2JED
Global Technologies,Active,Canada,BN:CAHV2FOHB1I
Omega Exports,Active,Australia,ABN:AU6ZUQVRE9Z
Prime Logistics,Active,USA,EIN:US9BD0WSAE8
Universal Technologies,Inactive,Australia,ABN:AUDYN4J4VU1
TechWorld Enterprises,Active,Japan,Corporate Number:JA5UH295QTG
Universal Enterprises,Active,Singapore,UEN:SIWOGAKPJ9D
Omega Industries,Inactive,Germany,VAT:GEVHAZSU8QC
Infinity Exports,Active,Singapore,UEN:SI9328FVE9U
Omega Exports,Active,Germany,VAT:GEC8T8GVINX
Global Industries,Inactive,Japan,Corporate Number:JARJFFMHY9J
International Industries,Inactive,USA,EIN:US3GGDWF6O7
Nova Enterprises,Active,USA,EIN:USB6KT7KS3F
NextGen Industries,Active,Australia,ABN:AU47UOZBLIW
Alpha Technologies,Inactive,Singapore,UEN:SIB9TYCLON0
Omega Enterprises,Inactive,UK,CRN:UK2F8C8UFM2
Alpha Enterprises,Active,Australia,ABN:AUW9I5TXZLF
NextGen Technologies,Active,Australia,ABN:AUXNWWMESNZ
Universal Solutions,Active,USA,EIN:USXGYBT4O24
Universal Exports,Inactive,France,SIRET:FRT65I0OKMN
NextGen Technologies,Active,Canada,BN:CA0Q0JBYW1T
Nova Solutions,Active,Australia,ABN:AUP5HSMICVE
Prime Industries,Active,Canada,BN:CA9MW1GD7K9
NextGen Exports,Inactive,Australia,ABN:AUEH5E21YQ2
NextGen Logistics,Active,Australia,ABN:AUHIWUJH4QS
Global Logistics,Active,Canada,BN:CAUYLF1BINU
Alpha Industries,Active,France,SIRET:FRJ2IXG9QKK
TechWorld Technologies,Inactive,USA,EIN:USOB4BA14GF
TechWorld Solutions,Active,Japan,Corporate Number:JAXE9552647
Universal Logistics,Inactive,France,SIRET:FRAE3PMPSW8
Prime Logistics,Inactive,Australia,ABN:AUH91VMWUOW
Alpha Technologies,Active,Australia,ABN:AU59Q76RQKF
Infinity Industries,Inactive,Japan,Corporate Number:JADQGJ3ML4Q
International Solutions,Inactive,Australia,ABN:AUF9P352NWD
NextGen Technologies,Inactive,UK,CRN:UKU44BBH6C9
NextGen Exports,Inactive,UK,CRN:UKA0GUPW8EC
International Enterprises,Active,Germany,VAT:GE3YF0MG5S8
TechWorld Solutions,Active,USA,EIN:USGQDES9IJ0
Infinity Exports,Inactive,USA,EIN:USQSB51TRX0
International Industries,Active,Germany,VAT:GEUFK6ARQBP
TechWorld Logistics,Inactive,Canada,BN:CA1AYY9ZJ60
Infinity Logistics,Inactive,Germany,VAT:GE73EMTT0KK
Global Technologies,Active,France,SIRET:FRKSPT8GEHM
Omega Industries,Inactive,Canada,BN:CAK6K6ZZBHO
Omega Exports,Inactive,Japan,Corporate Number:JALHS6GHDJY
Global Enterprises,Inactive,USA,EIN:US4YIWQBFNO
TechWorld Solutions,Active,France,SIRET:FR1SKGJCU0S
International Solutions,Active,Canada,BN:CAWQYZ39FRI
TechWorld Solutions,Active,UK,CRN:UKPF3WKYSSH
Prime Industries,Active,UK,CRN:UKQF2CKPGFU
International Exports,Inactive,Australia,ABN:AUBSQQA42RI
TechWorld Solutions,Active,USA,EIN:US1XQC8V2WI
Global Enterprises,Inactive,USA,EIN:USVTFPI3H7Z
Alpha Enterprises,Active,Germany,VAT:GEEE9ROHXBG
NextGen Enterprises,Inactive,Japan,Corporate Number:JAZ4P3TBGQL
International Exports,Active,France,SIRET:FRJTMCFZBKW
Omega Exports,Active,Japan,Corporate Number:JA74K4I8ADC
Omega Solutions,Active,Canada,BN:CA10ZO91X9U
Alpha Industries,Active,Australia,ABN:AUPXJX0Y4UD
Infinity Enterprises,Inactive,Canada,BN:CAUHZHO0XG1
TechWorld Technologies,Active,Germany,VAT:GES4WF8MY3C
Infinity Solutions,Inactive,UK,CRN:UKRD2FI3BSL
Alpha Exports,Inactive,USA,EIN:USNJ5DIDU7V
TechWorld Industries,Active,UK,CRN:UKRFKE47P8S
Universal Technologies,Active,Canada,BN:CAXVP4T6QCA
Global Technologies,Inactive,Canada,BN:CAFXVNL6DH0
TechWorld Exports,Active,Japan,Corporate Number:JAEIWNVRN3Z
International Technologies,Active,Australia,ABN:AUD8I3UGLHA
Universal Logistics,Inactive,Germany,VAT:GEOMO5EIBN5
Global Exports,Active,UK,CRN:UKJDR0ZQIKM
NextGen Solutions,Active,Canada,BN:CA4SOS9DOZN
Nova Logistics,Active,Germany,VAT:GE15UYP82XE
TechWorld Enterprises,Active,UK,CRN:UK7BAJYYWCO
Universal Industries,Inactive,Germany,VAT:GEYOVDERT72
Universal Exports,Active,Germany,VAT:GEWVDCK3TZT
Nova Exports,Active,Canada,BN:CA7HW4RKFGF
Universal Industries,Active,France,SIRET:FR7N2FXL18L
Alpha Logistics,Inactive,UK,CRN:UKXYMKRQ0L8
Nova Industries,Inactive,Australia,ABN:AUEZQFYDYJC
Infinity Solutions,Active,UK,CRN:UKMEGLNV7I7
Global Logistics,Active,UK,CRN:UKTMLV8TTTJ
Infinity Solutions,Active,Australia,ABN:AUZKQ9OGKGV
NextGen Exports,Inactive,Japan,Corporate Number:JAI5L1RHRW3
Global Technologies,Active,Japan,Corporate Number:JAXBBI57MJO
International Solutions,Inactive,Australia,ABN:AUU4TDSG94T
Omega Exports,Inactive,Germany,VAT:GEI2E2FQAWR
Global Solutions,Inactive,France,SIRET:FR47Y47G6WP
Prime Technologies,Active,UK,CRN:UKYMSRPEF25
Infinity Enterprises,Active,UK,CRN:UKADK0HXYKH
Nova Exports,Inactive,Singapore,UEN:SIV1QZKFJVU
Global Technologies,Inactive,Japan,Corporate Number:JAL05G5S0OQ
International Solutions,Inactive,France,SIRET:FR8PRJJBVGB
TechWorld Logistics,Active,USA,EIN:US6IMITT40Y
Omega Enterprises,Active,Canada,BN:CA1O392LDNS
Universal Industries,Active,France,SIRET:FRF1UI8KG6C
Alpha Enterprises,Active,Germany,VAT:GEG1EE2LBZF
Universal Solutions,Inactive,Canada,BN:CA0JRICW977
Universal Enterprises,Inactive,Canada,BN:CA2B00EOK1T
Alpha Enterprises,Inactive,Japan,Corporate Number:JAGUML0IALE
NextGen Solutions,Inactive,Australia,ABN:AUL2DM6QDNO
Infinity Exports,Inactive,Japan,Corporate Number:JAZRSMY3Q1B
Universal Enterprises,Inactive,Australia,ABN:AUV2BG3XBFG
Nova Technologies,Inactive,Canada,BN:CAXEVCV9UZ7
Universal Industries,Active,Canada,BN:CAGR77UOMC1
Nova Solutions,Inactive,France,SIRET:FRHUSFJ29R5
International Industries,Inactive,Canada,BN:CAUO9LTMGV1
Prime Logistics,Inactive,Australia,ABN:AUJ1PN95TH1
Prime Logistics,Active,Canada,BN:CAI9H8F5MQA
Infinity Solutions,Active,USA,EIN:USRQP7D447B
Omega Exports,Active,UK,CRN:UKYZZ0NR9HH
TechWorld Enterprises,Active,Japan,Corporate Number:JAHOD3IY0E4
TechWorld Exports,Inactive,France,SIRET:FRHKL4LPHLW
Prime Exports,Active,Germany,VAT:GER2PLBKU8G
Prime Technologies,Active,UK,CRN:UKC24QO61MG
Universal Technologies,Active,Germany,VAT:GEMMG641TMF
Omega Enterprises,Inactive,Canada,BN:CAVM1WTGVHK
Infinity Logistics,Active,Singapore,UEN:SIOFN90KARE
Universal Enterprises,Inactive,UK,CRN:UKN5IUQ0DBG
International Logistics,Active,UK,CRN:UK4IDR2M2HQ
Prime Exports,Active,Singapore,UEN:SI5ZV4PVX9Z
NextGen Exports,Inactive,UK,CRN:UKWC6U3WQCL
Alpha Enterprises,Inactive,UK,CRN:UK2RT0N44O7
International Logistics,Active,Australia,ABN:AUADKVPWRYK
Global Industries,Inactive,Japan,Corporate Number:JA3S1U5J0Z6
Universal Technologies,Active,Australia,ABN:AU1UAFVALYW
TechWorld Industries,Inactive,Singapore,UEN:SI021U7PRVV
Universal Technologies,Inactive,France,SIRET:FR8CPEGO6OP
Alpha Enterprises,Inactive,France,SIRET:FROYR99I6ZO
NextGen Exports,Active,France,SIRET:FRP2TC0CBFP
Infinity Solutions,Inactive,France,SIRET:FRHMP8JVQ1L
Microsoft Corporation,Active,USA,US-MSFT-001
Apple Inc,Active,USA,US-APPL-002
Samsung Electronics,Active,South Korea,KR-SAMS-003
